市場,証券コード,銘柄名,業種,株価,配当利回り(%),売上高スコア,営業利益率スコア,EPSスコア,営業CFスコア,一株配当スコア,配当性向スコア,自己資本比率スコア,現金等スコア,総合スコア
東証PRM,4684,(株)オービック,情報・通信,4293,2.19,21,44,21,21,21,17,30,21,196
東証STD,8117,中央自動車工業(株),卸売業,1830,3.11,21,40,21,15,21,15,30,15,178
東証PRM,3835,ｅＢＡＳＥ(株),情報・通信,408,3.73,21,40,21,3,19,13,30,27,174
東証PRM,2327,日鉄ソリューションズ(株),情報・通信,3711,2.34,21,40,21,3,21,23,18,27,174
東証PRM,4828,ビジネスエンジニアリング(株),情報・通信,1267,3.28,21,44,21,3,21,27,15,21,173
東証PRM,3925,(株)ダブルスタンダード,情報・通信,1372,5.1,15,36,21,9,21,18,24,27,171
東証PRM,4318,(株)クイック,サービス業,863,4.02,21,36,21,3,21,21,20,27,170
東証PRM,3836,(株)アバントグループ,情報・通信,1317,2.43,21,36,21,15,21,13,16,27,170
東証PRM,4812,(株)電通総研,情報・通信,2143,2.1,21,36,15,3,21,25,20,27,168
東証STD,4832,ＪＦＥシステムズ(株),情報・通信,1913,3.66,21,36,15,15,21,19,13,27,167
東証PRM,7595,(株)アルゴグラフィックス,情報・通信,1370,5.84,21,40,21,3,21,19,20,21,166
東証PRM,3916,デジタル・インフォメーション・テクノロジー(株),情報・通信,928,4.04,21,40,21,9,15,13,20,27,166
東証STD,4746,(株)東計電算,情報・通信,4400,3.93,21,36,15,9,21,25,29,9,165
東証PRM,7839,(株)ＳＨＯＥＩ,その他製品,1723,3.48,15,28,15,21,15,17,26,27,164
東証PRM,8111,(株)ゴールドウイン,繊維製品,2225.5,2.61,21,36,21,9,21,15,14,27,164
東証PRM,6200,(株)インソース,サービス業,680,4.34,15,40,15,21,21,15,20,15,162
東証PRM,9039,(株)サカイ引越センター,陸運業,2932,3.34,21,32,21,15,19,13,20,21,162
東証PRM,9759,(株)ＮＳＤ,情報・通信,2718.5,3.46,21,40,21,15,21,-1,28,15,160
東証STD,3969,(株)エイトレッド,情報・通信,1401,2.43,21,28,21,9,15,17,22,27,160
東証PRM,2379,ディップ(株),サービス業,1819,5.33,21,44,21,15,21,7,21,9,159
東証PRM,9746,(株)ＴＫＣ,情報・通信,3605,3.05,21,36,21,3,21,17,25,15,159
東証PRM,2163,(株)アルトナー,サービス業,1907,4.51,18,42,18,12,18,8,18,24,158
東証PRM,9628,燦ホールディングス(株),サービス業,1395,4.09,21,36,9,9,21,13,28,21,158
東証STD,6161,(株)エスティック,機械,1015,2.86,21,32,21,9,21,9,30,15,158
東証PRM,2359,(株)コア,情報・通信,2205,2.72,15,40,9,9,17,21,16,27,154
東証PRM,7818,(株)トランザクション,その他製品,1147,2.7,21,40,21,9,21,17,22,3,154
東証PRM,7979,(株)松風,精密機器,1659,3.19,15,40,15,3,19,21,25,15,153
東証PRM,3854,(株)アイル,情報・通信,2396,2.75,21,44,21,3,19,21,9,15,153
東証STD,3712,(株)情報企画,情報・通信,1097,2.19,15,36,15,9,21,19,23,15,153
東証PRM,3901,マークラインズ(株),情報・通信,1521,3.81,21,24,15,9,21,21,20,21,152
東証STD,6248,(株)横田製作所,機械,1900,3.16,15,36,9,3,19,19,30,21,152
東証PRM,3762,テクマトリックス(株),情報・通信,1840,2.66,21,36,21,15,21,21,-10,27,152
東証PRM,4733,(株)オービックビジネスコンサルタント,情報・通信,6244,2.08,15,32,9,-3,19,27,26,27,152
東証PRM,6005,三浦工業(株),機械,3294,2.03,21,40,21,3,21,17,19,9,151
東証STD,7191,(株)イントラスト,その他金融業,1112,3.42,21,36,15,9,16,15,17,21,150
東証PRM,3150,(株)グリムス,電気・ガス業,2821,3.01,15,44,21,10,21,13,11,15,150
東証PRM,9790,福井コンピュータホールディングス(株),情報・通信,3295,2.22,15,36,15,9,19,11,23,21,149
東証PRM,4719,(株)アルファシステムズ,情報・通信,3365,3.71,21,36,15,9,7,21,30,9,148
東証PRM,6454,マックス(株),機械,1727,2.08,15,40,15,15,19,13,22,9,148
東証PRM,3844,コムチュア(株),情報・通信,1375,3.64,21,24,21,3,21,25,17,15,147
東証PRM,8771,イー・ギャランティ(株),その他金融業,1790,2.12,21,36,21,3,21,19,17,9,147
東証PRM,3921,(株)ネオジャパン,情報・通信,1564,3.45,18,30,18,12,18,8,18,24,146
東証PRM,2317,(株)システナ,情報・通信,436,2.98,21,36,9,3,21,19,16,21,146
東証PRM,2670,(株)エービーシー・マート,小売業,2713.5,2.95,21,32,15,3,9,21,30,15,146
東証PRM,7921,(株)ＴＡＫＡＲＡ　＆　ＣＯＭＰＡＮＹ,その他製品,3515,3.41,21,28,15,3,15,21,20,21,144
東証PRM,3771,(株)システムリサーチ,情報・通信,1691,4.14,21,28,21,3,21,19,15,15,143
東証GRT,7079,ＷＤＢココ(株),サービス業,2621,3.62,21,32,21,9,9,7,20,24,143
東証PRM,6196,(株)ストライクグループ,サービス業,1298,4.62,21,24,15,3,21,9,28,21,142
東証PRM,4687,ＴＤＣソフト(株),情報・通信,956,3.45,21,6,21,3,21,23,20,27,142
東証PRM,6050,イー・ガーディアン(株),サービス業,1659,2.29,9,32,3,15,21,11,23,27,141
東証PRM,4345,(株)シーティーエス,サービス業,871,3.33,21,40,15,9,21,15,16,3,140
東証PRM,4722,フューチャー(株),情報・通信,1642,2.92,15,32,9,-3,21,25,20,21,140
東証PRM,3480,(株)ジェイ・エス・ビー,不動産業,5090,2.26,21,36,15,9,21,11,6,21,140
東証STD,7804,(株)ビーアンドピー,その他製品,2290,3.8,9,34,9,6,11,20,23,27,139
東証PRM,4516,日本新薬(株),医薬品,4889,2.54,21,36,15,3,19,15,27,3,139
東証PRM,4507,塩野義製薬(株),医薬品,3180,2.23,9,36,9,3,21,11,29,21,139
東証PRM,4481,ベース(株),情報・通信,3220,5.78,21,42,15,6,15,4,14,21,138
東証PRM,6436,アマノ(株),機械,3706,4.86,21,40,15,9,21,-3,20,15,138
東証PRM,6947,(株)図研,電気機器,4470,4.47,21,40,21,3,15,3,20,15,138
東証PRM,9739,ＮＳＷ(株),情報・通信,2486,3.42,15,40,15,9,11,7,20,21,138
東証PRM,6036,ＫｅｅＰｅｒ技研(株),サービス業,3025,3.31,21,36,15,15,15,13,20,3,138
東証STD,6912,菊水ホールディングス(株),電気機器,2322,2.71,15,32,15,9,15,21,28,3,138
東証GRT,4486,ユナイトアンドグロウ(株),情報・通信,643,2.49,21,34,15,6,16,9,16,21,138
東証PRM,3626,ＴＩＳ(株),情報・通信,3568,2.13,21,40,15,9,21,5,17,9,137
東証PRM,4847,(株)インテリジェント　ウェイブ,情報・通信,985,3.76,15,28,9,21,13,17,18,15,136
東証GRT,4394,(株)エクスモーション,情報・通信,857,2.92,15,28,3,15,17,13,30,15,136
東証GRT,4482,(株)ウィルズ,情報・通信,734,2.45,21,34,16,24,9,7,4,21,136
東証PRM,6869,シスメックス(株),電気機器,1379,2.76,15,24,9,9,21,20,20,15,133
東証PRM,9364,(株)上組,倉庫・運輸関連業,5267,3.51,15,32,21,3,21,-3,28,15,132
東証PRM,4151,協和キリン(株),医薬品,2405,2.91,15,36,9,-9,21,16,29,15,132
東証PRM,3679,(株)じげん,情報・通信,410,2.68,21,28,15,21,12,-1,15,21,132
東証PRM,4216,旭有機材(株),化学,5810,2.07,15,40,9,9,17,13,20,9,132
東証PRM,4396,(株)システムサポートホールディングス,情報・通信,1098,2.82,21,14,21,15,17,14,2,27,131
東証PRM,4290,(株)プレステージ・インターナショナル,サービス業,678,3.83,21,20,15,3,21,9,20,21,130
東証PRM,1976,明星工業(株),建設業,1860,3.49,15,36,15,-3,19,13,20,15,130
東証PRM,3649,(株)ファインデックス,情報・通信,799,3.38,15,28,9,3,17,21,28,9,130
東証PRM,2815,アリアケジャパン(株),食料品,5460,3.3,15,32,9,-3,17,15,30,15,130
東証STD,9799,旭情報サービス(株),情報・通信,1003,3.19,21,10,21,3,19,27,20,9,130
東証PRM,3433,トーカロ(株),金属製品,3125,2.24,9,28,9,9,15,19,20,21,130
東証PRM,3983,(株)オロ,情報・通信,2020,2.48,15,32,9,3,16,5,22,27,129
東証PRM,3741,(株)セック,情報・通信,2996,2,15,40,15,-13,21,19,29,3,129
東証PRM,6088,(株)シグマクシス・ホールディングス,サービス業,641,4.06,21,44,21,9,13,-1,18,3,128
東証PRM,7740,(株)タムロン,精密機器,1098,3.37,9,36,9,9,9,17,24,15,128
東証PRM,6785,(株)鈴木,電気機器,3175,3.31,15,36,9,9,11,7,20,21,128
東証STD,6322,(株)タクミナ,機械,1564,3.2,9,32,15,3,15,21,18,15,128
東証PRM,6539,(株)ＭＳ－Ｊａｐａｎ,サービス業,952,5.88,21,24,9,15,17,2,30,9,127
東証PRM,2127,(株)日本Ｍ＆Ａセンターホールディングス,サービス業,690,4.2,15,28,15,9,19,7,25,9,127
東証PRM,3076,あい　ホールディングス(株),卸売業,2707,4.06,3,28,9,3,21,17,25,21,127
東証PRM,4362,日本精化(株),化学,2385,3.94,9,36,15,-3,19,13,22,15,126
東証PRM,4825,(株)ウェザーニューズ,情報・通信,2031,3.94,21,28,9,3,13,1,30,21,126
東証PRM,9672,東京都競馬(株),サービス業,5620,2.6,21,36,9,15,17,11,20,-3,126
東証PRM,8056,ＢＩＰＲＯＧＹ(株),情報・通信,4652,2.58,21,14,15,9,15,21,10,21,126
東証PRM,5384,(株)フジミインコーポレーテッド,ガラス・土石製品,3200,2.29,15,36,3,15,17,7,30,3,126
東証PRM,4743,(株)アイティフォー,情報・通信,1741,4.6,9,28,15,9,17,11,21,15,125
東証PRM,9702,(株)アイ・エス・ビー,情報・通信,2162,3.24,21,6,15,3,19,21,19,21,125
東証PRM,9068,丸全昭和運輸(株),陸運業,7820,2.69,15,10,21,15,21,9,19,15,125
東証PRM,6823,リオン(株),電気機器,3265,2.6,21,32,3,3,17,13,21,15,125
東証STD,7749,メディキット(株),精密機器,2970,3.37,21,28,9,3,13,5,30,15,124
東証PRM,3496,(株)アズーム,不動産業,4120,3.06,21,40,4,21,3,4,10,21,124
東証PRM,4718,(株)早稲田アカデミー,サービス業,1981,2.78,21,6,15,15,19,21,12,15,124
東証STD,7833,(株)アイフィスジャパン,その他製品,663,4.52,15,32,3,-3,13,15,27,21,123
東証PRM,3763,(株)プロシップ,情報・通信,1538,2.6,15,28,3,3,15,17,27,15,123
東証PRM,6532,(株)ベイカレント,サービス業,5241,2.48,21,6,21,15,10,13,16,21,123
東証PRM,9757,(株)船井総研ホールディングス,サービス業,1128,4.26,15,24,15,9,21,-3,26,15,122
東証STD,9687,(株)ＫＳＫ,情報・通信,4415,3.81,21,28,15,9,9,17,20,3,122
東証STD,4356,応用技術(株),情報・通信,1766,2.27,9,28,9,10,12,7,20,27,122
東証PRM,9793,(株)ダイセキ,サービス業,4260,2.02,9,28,21,9,19,7,20,9,122
東証PRM,6458,新晃工業(株),機械,1223,4.09,15,28,9,3,21,11,19,15,121
東証PRM,1414,ショーボンドホールディングス(株),建設業,1358.5,3.35,21,32,21,-3,21,3,29,-3,121
東証PRM,6381,アネスト岩田(株),機械,1594,5.21,21,20,3,9,7,19,20,21,120
東証PRM,4674,(株)クレスコ,情報・通信,1379,4.21,21,2,21,3,15,23,20,15,120
東証PRM,4540,(株)ツムラ,医薬品,3700,3.89,21,28,3,3,11,25,20,9,120
東証PRM,4958,長谷川香料(株),化学,2918,3.43,15,28,3,3,15,21,26,9,120
東証PRM,9682,(株)ＤＴＳ,情報・通信,1049,3.34,15,32,15,9,15,5,20,9,120
東証STD,4800,オリコン(株),情報・通信,1150,3.13,3,36,9,-3,19,17,24,15,120
東証PRM,4021,日産化学(株),化学,6770,2.66,15,36,15,9,19,3,20,3,120
東証PRM,7730,マニー(株),精密機器,1697,2.42,9,24,9,3,19,11,30,15,120
東証PRM,4641,(株)アルプス技研,サービス業,2533,4.26,15,32,15,9,9,-3,20,21,118
東証PRM,3092,(株)ＺＯＺＯ,小売業,1063.5,3.67,21,28,15,9,15,9,6,15,118
東証STD,5982,(株)マルゼン,金属製品,3780,3.31,15,10,15,15,19,9,20,15,118
東証PRM,4732,(株)ユー・エス・エス,サービス業,1706,3.04,9,24,15,9,21,-5,24,21,118
東証STD,2185,(株)シイエム・シイ,サービス業,1891,2.91,9,28,9,3,19,9,20,21,118
東証PRM,9273,コーア商事ホールディングス(株),卸売業,853,2.11,9,32,3,3,19,11,20,21,118
東証STD,3937,(株)Ｕｂｉｃｏｍホールディングス,情報・通信,958,4.18,21,36,4,3,10,3,13,27,117
東証PRM,4848,(株)フルキャストホールディングス,サービス業,1637,3.91,9,28,-3,9,21,19,19,15,117
東証PRM,6750,エレコム(株),電気機器,1624,3.51,15,36,9,9,21,-5,17,15,117
東証PRM,2726,(株)パルグループホールディングス,小売業,1445,2.77,21,14,3,10,19,19,10,21,117
東証PRM,7949,小松ウオール工業(株),その他製品,2685,5.03,21,6,3,-3,19,13,30,27,116
東証PRM,7575,日本ライフライン(株),卸売業,1409,3.83,15,36,9,9,17,3,18,9,116
東証PRM,9928,(株)ミロク情報サービス,情報・通信,1758,3.41,21,32,9,3,19,15,14,3,116
東証PRM,3371,(株)ソフトクリエイトホールディングス,情報・通信,1869,3.32,21,24,15,3,13,11,14,15,116
東証STD,5363,(株)ＴＹＫ,ガラス・土石製品,604,3.29,15,32,15,3,15,13,20,3,116
東証PRM,3088,(株)マツキヨココカラ＆カンパニー,小売業,2373.5,2.02,15,14,21,9,21,7,20,9,116
東証PRM,7438,コンドーテック(株),卸売業,1465,3.55,21,2,19,9,21,13,15,15,115
東証PRM,5929,三和ホールディングス(株),金属製品,3653,3.39,15,10,21,9,21,19,11,9,115
東証STD,9632,スバル興業(株),サービス業,3465,2.31,12,30,0,6,16,12,27,12,115
東証PRM,9744,(株)メイテックグループホールディングス,サービス業,3168,5.71,21,36,21,-3,21,-13,10,21,114
東証PRM,9795,(株)ステップ,サービス業,2308,3.81,15,28,9,-9,21,5,30,15,114
東証STD,3841,(株)ジーダット,情報・通信,1143,3.5,21,32,3,-2,13,17,27,3,114
東証PRM,3543,(株)コメダホールディングス,卸売業,3060,2.03,21,20,15,9,14,20,0,15,114
東証GRT,7039,ブリッジインターナショナルグループ(株),サービス業,1806,5.26,21,28,21,3,4,4,23,9,113
東証PRM,4662,(株)フォーカスシステムズ,情報・通信,1534,4.17,21,2,15,15,15,15,15,15,113
東証PRM,3837,アドソル日進(株),情報・通信,1503,3.06,15,14,21,-3,21,21,15,9,113
東証PRM,3635,(株)コーエーテクモホールディングス,情報・通信,1596,3.01,9,36,15,3,15,5,27,3,113
東証PRM,2301,(株)学情,サービス業,1616,4.64,15,24,3,3,15,13,30,9,112
東証PRM,5334,日本特殊陶業(株),ガラス・土石製品,8547,2.4,15,32,3,9,11,15,18,9,112
東証STD,5273,三谷セキサン(株),ガラス・土石製品,1763,2.3,15,6,15,9,15,5,20,27,112
東証STD,6035,(株)アイ・アールジャパンホールディングス,サービス業,719,3.89,9,36,9,9,7,-5,25,21,111
東証PRM,4528,小野薬品工業(株),医薬品,2312.5,3.46,15,32,9,-3,15,5,29,9,111
東証PRM,4768,(株)大塚商会,情報・通信,2960,3.21,15,6,15,9,21,17,13,15,111
東証PRM,1879,新日本建設(株),建設業,1974,2.94,15,28,15,-9,19,5,17,21,111
東証STD,3940,(株)ノムラシステムコーポレーション,情報・通信,131,2.71,15,32,9,-3,5,8,30,15,111
東証PRM,2930,(株)北の達人コーポレーション,化学,133,2.63,15,6,9,15,9,23,25,9,111
東証PRM,6184,(株)鎌倉新書,サービス業,481,4.16,18,30,18,6,10,-7,23,12,110
東証STD,6863,(株)ニレコ,電気機器,2114,4.02,15,10,9,3,17,23,30,3,110
東証PRM,7931,未来工業(株),化学,2984,3.35,15,28,3,9,11,13,22,9,110
東証PRM,7725,(株)インターアクション,精密機器,1815,2.42,9,32,9,-1,19,11,22,9,110
東証PRM,4559,ゼリア新薬工業(株),医薬品,2204,2.18,3,32,9,9,17,15,10,15,110
名証,6565,ＡＢホテル(株),サービス業,1390,2.45,21,28,21,4,17,9,-6,15,109
東証PRM,7989,立川ブラインド工業(株),金属製品,2573,4.66,9,10,21,9,19,15,22,3,108
東証STD,8769,(株)アドバンテッジリスクマネジメント,サービス業,491,3.46,21,10,21,3,19,5,14,15,108
東証PRM,4919,(株)ミルボン,化学,2580,3.41,15,28,3,3,15,11,30,3,108
東証STD,4762,(株)エックスネット,情報・通信,1514,3.14,9,20,9,3,11,19,28,9,108
東証STD,7292,(株)村上開明堂,輸送用機器,6800,3.09,21,2,15,-3,21,11,20,21,108
東証PRM,9699,ニシオホールディングス(株),サービス業,4335,3.04,15,2,15,15,17,19,10,15,108
東証PRM,7476,アズワン(株),卸売業,2165,2.91,21,32,15,-3,15,5,20,3,108
東証STD,9029,(株)ヒガシホールディングス,陸運業,1809,2.76,21,2,15,3,19,23,10,15,108
東証PRM,7974,任天堂(株),その他製品,7922,2.28,3,32,9,9,9,-1,26,21,108
東証PRM,6914,オプテックスグループ(株),電気機器,2942,2.21,9,28,3,9,13,11,20,15,108
東証GRT,4380,(株)Ｍマート,情報・通信,1197,2.17,18,34,7,7,6,3,9,24,108
東証GRT,9467,(株)アルファポリス,情報・通信,1113,2.16,15,32,9,3,0,3,25,21,108
東証STD,4299,(株)ハイマックス,情報・通信,1200,3.83,21,-6,3,-3,19,23,23,27,107
東証PRM,3963,(株)シンクロ・フード,情報・通信,422,3.55,21,28,9,-2,3,-2,29,21,107
東証STD,5071,(株)ヴィス,サービス業,1480,3.31,21,6,15,9,15,8,15,18,107
東証STD,7849,スターツ出版(株),情報・通信,3970,3.27,9,28,9,-3,15,13,27,9,107
東証PRM,6420,ガリレイ(株),機械,3595,2.25,21,32,3,-9,19,9,17,15,107
東証STD,2480,システム・ロケーション(株),情報・通信,1698,2.24,3,32,3,-2,7,27,28,9,107
東証PRM,6417,(株)ＳＡＮＫＹＯ,機械,1886.5,4.77,3,32,15,15,13,-17,30,15,106
東証STD,9034,南総通運(株),陸運業,1539,4.55,21,28,3,3,15,5,16,15,106
東証PRM,2153,Ｅ・Ｊホールディングス(株),サービス業,1707,4.04,15,28,-2,4,19,13,20,9,106
東証PRM,7164,全国保証(株),その他金融業,3201,3.75,21,24,21,3,21,13,0,3,106
東証PRM,3040,(株)ソリトンシステムズ,情報・通信,1787,3.36,3,32,9,9,17,11,10,15,106
東証STD,5945,天龍製鋸(株),金属製品,2518,3.14,3,28,3,3,3,21,30,15,106
東証PRM,1944,(株)きんでん,建設業,7932,3.03,15,6,15,-3,21,11,20,21,106
東証STD,6488,(株)ヨシタケ,機械,944,2.97,15,2,9,-3,17,27,30,9,106
東証STD,4752,(株)昭和システムエンジニアリング,情報・通信,1550,3.55,3,10,21,3,11,25,11,21,105
東証PRM,6272,レオン自動機(株),機械,1530,3.53,15,6,9,3,9,21,21,21,105
東証STD,3671,ソフトマックス(株),情報・通信,346,2.89,9,40,21,-2,13,15,0,9,105
東証PRM,7864,(株)フジシールインターナショナル,その他製品,2584,2.75,15,6,21,-3,19,15,17,15,105
東証PRM,6856,(株)堀場製作所,電気機器,21790,2.25,9,28,3,9,3,19,13,21,105
東証PRM,4432,ウイングアーク１ｓｔ(株),情報・通信,2698,4,18,34,12,6,12,6,4,12,104
東証PRM,6517,デンヨー(株),電気機器,3610,2.77,9,6,9,3,19,17,20,21,104
東証STD,4642,オリジナル設計(株),サービス業,1502,2.66,15,28,-3,-8,17,21,25,9,104
東証GRT,6086,シンメンテホールディングス(株),サービス業,1043,2.11,21,6,21,9,21,5,6,15,104
東証PRM,4792,山田コンサルティンググループ(株),サービス業,1635,4.71,21,28,9,-13,19,11,25,3,103
東証STD,6918,(株)アバールデータ,電気機器,2899,3.41,3,32,9,-12,13,25,24,9,103
東証PRM,9433,ＫＤＤＩ(株),情報・通信,2579.5,3.1,21,28,9,-3,21,12,6,9,103
東証STD,1717,明豊ファシリティワークス(株),サービス業,980,4.44,3,36,15,-7,21,19,18,-3,102
東証PRM,2124,ＪＡＣ　Ｒｅｃｒｕｉｔｍｅｎｔ,サービス業,873,4.35,15,28,9,15,19,-13,20,9,102
東証PRM,3003,ヒューリック(株),不動産業,1794.5,3.73,3,28,21,3,21,27,-10,9,102
東証STD,2924,イフジ産業(株),食料品,1884,3.56,9,6,15,4,15,11,15,27,102
東証STD,6157,日進工具(株),機械,881,3.41,9,20,-3,9,15,13,30,9,102
東証PRM,6432,(株)竹内製作所,機械,7140,3.08,15,24,9,-3,21,7,20,9,102
東証PRM,8876,(株)リログループ,サービス業,1963,2.5,21,40,4,9,21,8,-10,9,102
東証PRM,4776,サイボウズ(株),情報・通信,2116,2.36,21,14,21,15,19,-5,8,9,102
東証STD,7716,(株)ナカニシ,精密機器,2790,2.15,9,20,-8,15,13,16,28,9,102
東証PRM,3769,ＧＭＯペイメントゲートウェイ(株),情報・通信,7941,2.14,21,32,9,-1,15,9,-10,27,102
東証STD,3848,(株)データ・アプリケーション,情報・通信,920,3.8,3,32,3,3,21,13,23,3,101
東証STD,4012,(株)アクシス,情報・通信,1554,3.67,21,6,9,15,9,3,20,18,101
東証PRM,5032,ＡＮＹＣＯＬＯＲ(株),情報・通信,2820,2.66,21,36,10,10,0,-1,13,12,101
東証PRM,4709,(株)ＩＤホールディングス,情報・通信,902,4.43,15,14,15,-2,19,5,13,21,100
東証STD,9651,日本プロセス(株),情報・通信,1845,4.12,15,6,21,-8,15,7,29,15,100
東証STD,4769,(株)ＩＣ,情報・通信,1035,3.86,21,6,9,3,21,5,20,15,100
東証PRM,8804,東京建物(株),不動産業,3649,3.34,21,32,15,-1,21,19,-10,3,100
東証STD,6392,(株)ヤマダコーポレーション,機械,6800,3.09,3,32,3,9,15,13,22,3,100
東証PRM,4931,新日本製薬(株),化学,2019,2.82,21,12,3,6,7,10,14,27,100
東証PRM,6237,(株)イワキ,機械,2731,2.78,15,2,9,3,15,27,20,9,100
東証STD,9845,(株)パーカーコーポレーション,化学,1403,2.35,15,6,3,9,21,11,14,21,100
東証PRM,3659,(株)ネクソン,情報・通信,2669.5,2.25,15,24,3,3,16,-5,29,15,100
東証PRM,2148,アイティメディア(株),サービス業,1610,6.21,15,32,3,-3,13,2,28,9,99
東証PRM,2154,(株)オープンアップグループ,サービス業,1760,4.83,21,2,15,9,21,5,11,15,99
名証,2902,太陽化学(株),,2619,3.97,9,10,9,9,9,23,21,9,99
東証PRM,6333,(株)ＴＥＩＫＯＫＵ,機械,2780,3.96,15,32,3,15,15,-5,21,3,99
東証STD,9450,(株)ファイバーゲート,情報・通信,717,3.77,15,36,15,15,9,6,-6,9,99
東証PRM,9960,東テク(株),卸売業,3890,3.01,21,10,21,-2,21,17,2,9,99
東証PRM,3962,(株)チェンジホールディングス,情報・通信,912,2.52,21,32,21,-14,9,1,14,15,99
東証PRM,6419,(株)マースグループホールディングス,機械,2826,5.31,3,32,3,3,15,9,30,3,98
東証STD,3912,(株)モバイルファクトリー,情報・通信,1162,4.39,9,36,-2,3,9,0,28,15,98
東証PRM,3834,(株)朝日ネット,情報・通信,632,3.96,21,32,15,-3,15,3,30,-15,98
東証STD,9414,日本ＢＳ放送(株),情報・通信,904,3.32,3,28,3,-9,17,17,30,9,98
東証PRM,4220,リケンテクノス(株),化学,1676,3.1,15,6,15,9,21,7,10,15,98
東証PRM,7947,(株)エフピコ,化学,2374,3.01,21,2,15,3,15,23,10,9,98
東証PRM,6284,日精エー・エス・ビー機械(株),機械,8150,2.45,9,36,3,-2,15,5,17,15,98
東証PRM,9037,(株)ハマキョウレックス,陸運業,1754,2.21,21,-2,21,3,21,9,10,15,98
東証STD,6888,アクモス(株),情報・通信,561,4.46,21,6,15,-2,16,13,13,15,97
東証STD,5903,ＳＨＩＮＰＯ(株),金属製品,1214,3.46,15,24,3,3,17,9,23,3,97
東証STD,3045,(株)カワサキ,卸売業,1461,3.42,3,44,3,-3,3,13,19,15,97
東証PRM,3788,ＧＭＯグローバルサイン・ホールディングス(株),情報・通信,1983,3.01,21,2,15,15,9,5,15,15,97
東証PRM,6364,(株)ＡＩＲＭＡＮ,機械,2019,2.97,15,6,9,3,15,15,19,15,97
東証PRM,6345,(株)アイチコーポレーション,機械,1409,4.61,3,24,3,9,19,9,26,3,96
東証PRM,8739,スパークス・グループ(株),証券業,1958,4.6,9,36,3,3,17,0,19,9,96
東証GRT,6033,(株)エクストリーム,サービス業,1474,4.21,15,6,15,-3,15,11,16,21,96
東証PRM,2307,(株)クロスキャット,情報・通信,973,3.8,9,6,15,9,15,15,12,15,96
東証PRM,4095,日本パーカライジング(株),化学,1458,3.43,15,28,3,-3,11,7,20,15,96
東証PRM,2659,(株)サンエー,小売業,3245,3.39,15,2,9,9,21,11,20,9,96
東証STD,4465,(株)ニイタカ,化学,2299,3.31,21,6,15,3,13,11,12,15,96
東証STD,9768,いであ(株),サービス業,3695,3.19,15,32,9,-8,17,13,21,-3,96
東証PRM,9324,安田倉庫(株),倉庫・運輸関連業,2261,3.01,21,-2,9,3,17,17,10,21,96
東証STD,2481,(株)タウンニュース社,サービス業,695,2.88,-3,32,3,9,13,9,30,3,96
東証STD,9656,グリーンランドリゾート(株),サービス業,613,2.45,15,32,4,-8,12,10,10,21,96
東証PRM,6099,(株)エラン,サービス業,735,2.18,21,2,15,3,19,17,10,9,96
東証PRM,9416,(株)ビジョン,情報・通信,1106,4.61,15,10,10,10,3,6,20,21,95
東証PRM,6058,(株)ベクトル,サービス業,1242,2.9,21,28,-1,4,15,9,-2,21,95
東証PRM,1835,東鉄工業(株),建設業,5590,2.68,21,6,15,-2,21,19,18,-3,95
東証PRM,9934,因幡電機産業(株),卸売業,2676,2.62,15,6,21,-9,19,17,17,9,95
東証GRT,9256,(株)サクシード,サービス業,773,2.07,18,28,6,3,3,0,19,18,95
東証STD,6677,(株)エスケーエレクトロニクス,電気機器,3350,4.54,9,36,-2,9,3,8,22,9,94
東証PRM,2335,(株)キューブシステム,情報・通信,1022,4.11,21,2,9,-3,11,13,20,21,94
東証PRM,7296,(株)エフ・シー・シー,輸送用機器,3375,3.97,9,6,15,-3,19,7,20,21,94
東証STD,5464,モリ工業(株),鉄鋼,949,3.79,-3,28,-3,9,11,11,20,21,94
東証PRM,6859,エスペック(株),電気機器,3305,3.48,15,6,9,3,19,13,20,9,94
東証STD,6091,(株)ウエスコホールディングス,サービス業,867,3.23,15,6,3,9,17,9,20,15,94
東証STD,1381,(株)アクシーズ,水産・農林業,3785,2.97,21,-2,3,9,21,5,28,9,94
東証STD,3648,ＡＧＳ(株),情報・通信,1158,2.94,15,-2,3,9,9,19,20,21,94
東証PRM,5310,東洋炭素(株),ガラス・土石製品,6110,2.37,3,32,3,3,15,5,30,3,94
東証PRM,7309,(株)シマノ,輸送用機器,16530,2.2,9,20,-3,3,15,5,30,15,94
東証STD,2782,(株)セリア,小売業,3440,2.18,21,-6,9,3,15,17,20,15,94
東証STD,9782,(株)ディーエムエス,サービス業,3115,7.32,15,2,9,-3,21,7,21,21,93
東証PRM,3148,(株)クリエイトＳＤホールディングス,小売業,3240,2.78,21,-6,15,15,21,5,13,9,93
東証PRM,8060,キヤノンマーケティングジャパン(株),卸売業,3611,2.49,3,6,15,-3,21,18,18,15,93
東証PRM,9824,泉州電業(株),卸売業,6250,2.4,9,6,9,9,19,15,11,15,93
東証PRM,2325,(株)ＮＪＳ,サービス業,4820,2.28,15,2,15,-2,15,15,24,9,93
東証PRM,4373,シンプレクス・ホールディングス(株),情報・通信,881,2.04,18,36,8,9,9,0,13,0,93
東証PRM,5357,(株)ヨータイ,ガラス・土石製品,1698,5.3,15,28,9,4,19,-7,21,3,92
東証STD,5284,ヤマウホールディングス(株),ガラス・土石製品,2152,4.79,9,40,9,-3,17,15,-4,9,92
東証STD,2391,(株)プラネット,サービス業,1230,3.58,15,28,-3,-9,21,1,30,9,92
東証PRM,6459,大和冷機工業(株),機械,1933,3.1,9,24,-3,3,9,15,26,9,92
東証PRM,1980,ダイダン(株),建設業,2856,2.85,15,2,21,-7,21,21,10,9,92
東証PRM,3087,(株)ドトール・日レスホールディングス,小売業,2800,2.14,15,2,15,-2,19,11,23,9,92
東証STD,1736,(株)オーテック,建設業,2339,3.21,15,6,9,-3,19,15,15,15,91
東証STD,8871,(株)ゴールドクレスト,不動産業,3355,2.98,3,36,3,-12,17,11,18,15,91
東証STD,6678,(株)テクノメディカ,電気機器,2287,2.97,3,24,-9,-3,15,11,29,21,91
東証PRM,4401,(株)ＡＤＥＫＡ,化学,3878,2.68,15,-2,9,3,19,19,13,15,91
東証PRM,3093,(株)トレジャー・ファクトリー,小売業,1711,2.57,21,-2,3,3,17,23,11,15,91
東証PRM,3569,セーレン(株),繊維製品,3180,2.39,15,6,15,3,19,7,17,9,91
東証PRM,1969,高砂熱学工業(株),建設業,4707,2.38,21,6,21,-12,21,21,10,3,91
東証PRM,1959,(株)クラフティア,建設業,9724,2.06,21,-2,15,3,19,13,13,9,91
東証STD,3134,Ｈａｍｅｅ(株),小売業,459,4.9,21,2,9,3,15,12,19,9,90
東証STD,2483,(株)翻訳センター,サービス業,1775,4.23,9,-2,15,-3,21,15,20,15,90
東証STD,9753,アイエックス・ナレッジ(株),情報・通信,1284,3.89,3,10,15,3,9,17,12,21,90
東証STD,8864,空港施設(株),不動産業,978,3.78,21,2,15,3,15,21,10,3,90
東証PRM,9090,ＡＺ－ＣＯＭ丸和ホールディングス(株),陸運業,905,3.54,21,2,9,3,17,19,4,15,90
東証STD,9857,英和(株),卸売業,2660,3.01,21,14,21,3,15,9,4,3,90
東証STD,7608,(株)エスケイジャパン,卸売業,820,2.93,9,2,10,-8,21,8,27,21,90
東証PRM,8934,サンフロンティア不動産(株),不動産業,2693,2.82,15,32,15,-21,21,9,10,9,90
東証PRM,3201,ニッケ,繊維製品,1795,2.79,15,2,21,-3,17,9,20,9,90
東証PRM,2871,(株)ニチレイ,食料品,1897,2.48,21,2,9,9,21,3,10,15,90
東証PRM,6745,ホーチキ(株),電気機器,1925,2.08,21,2,9,3,19,15,12,9,90
東証PRM,4820,(株)ＥＭシステムズ,情報・通信,666,4.8,3,28,9,-3,21,-3,19,15,89
東証PRM,9644,(株)タナベコンサルティンググループ,サービス業,734,3.68,21,6,15,3,21,-7,27,3,89
東証PRM,3964,(株)オークネット,情報・通信,1198,3.34,15,24,3,9,8,6,15,9,89
東証STD,4992,北興化学工業(株),化学,1731,3.12,9,-2,3,15,21,11,17,15,89
東証GRT,7110,(株)クラシコム,小売業,1983,2.42,18,24,12,3,0,3,17,12,89
東証GRT,7374,(株)コンフィデンス・インターワークス,サービス業,1500,5,21,30,-7,6,9,3,11,15,88
東証STD,2332,(株)クエスト,情報・通信,1867,2.95,21,6,3,-1,17,13,20,9,88
東証PRM,9629,ピー・シー・エー(株),情報・通信,1376,2.91,15,10,10,3,9,0,14,27,88
東証STD,9262,(株)シルバーライフ,小売業,796,2.26,21,10,15,9,4,4,16,9,88
東証PRM,6194,(株)アトラエ,サービス業,661,4.99,15,28,7,15,3,-9,25,3,87
東証STD,4767,(株)テー・オー・ダブリュー,サービス業,377,4.85,15,6,7,-2,15,11,20,15,87
東証PRM,9769,(株)学究社,サービス業,2296,4.49,21,32,3,9,11,-9,11,9,87
東証STD,9639,三協フロンテア(株),サービス業,2160,3.94,15,28,15,-3,9,7,13,3,87
東証PRM,9432,ＮＴＴ(株),情報・通信,151.1,3.51,15,32,9,3,21,12,-2,-3,87
東証STD,6267,ゼネラルパッカー(株),機械,3765,3.19,21,32,9,-13,13,17,11,-3,87
東証GRT,3773,(株)アドバンスト・メディア,情報・通信,1091,3.07,21,32,5,-1,6,3,24,-3,87
東証PRM,2267,(株)ヤクルト本社,食料品,2722.5,2.57,3,28,15,9,15,-1,15,3,87
東証GRT,7373,(株)アイドマ・ホールディングス,サービス業,1273,2.36,21,30,15,12,1,-1,6,3,87
東証PRM,4928,(株)ノエビアホールディングス,化学,4415,5.21,15,36,9,3,21,-15,20,-3,86
東証PRM,5351,品川リフラ(株),ガラス・土石製品,1927,4.67,3,-2,3,21,15,15,10,21,86
東証PRM,8892,(株)エスコン,不動産業,1195,4.44,18,34,12,-24,18,19,-9,18,86
東証STD,9986,蔵王産業(株),卸売業,2598,4.04,3,24,-3,3,7,7,30,15,86
東証STD,1450,ＴＡＮＡＫＥＮ(株),建設業,1416,3.88,3,30,3,-4,5,22,18,9,86
東証STD,4094,日本化学産業(株),化学,2373,3.79,9,-6,3,9,21,5,30,15,86
東証STD,3565,アセンテック(株),卸売業,448,3.35,12,4,13,1,10,7,15,24,86
東証PRM,4088,エア・ウォーター(株),化学,2260,3.32,15,6,9,3,21,15,-4,21,86
東証PRM,4658,日本空調サービス(株),サービス業,1572,3.31,21,10,15,-3,15,9,10,9,86
東証GRT,7792,(株)コラントッテ,その他製品,1370,3.21,15,34,10,6,9,4,5,3,86
東証STD,8275,(株)フォーバル,卸売業,1079,2.87,9,10,9,3,21,21,-2,15,86
東証PRM,6744,能美防災(株),電気機器,4025,2.48,9,6,9,9,21,9,20,3,86
東証PRM,6309,巴工業(株),機械,1803,3.99,9,10,15,-8,17,19,20,3,85
東証STD,7228,(株)デイトナ,輸送用機器,3770,3.98,9,28,3,-2,9,9,14,15,85
東証STD,3682,エンカレッジ・テクノロジ(株),情報・通信,664,3.92,15,24,-3,3,13,-1,25,9,85
東証PRM,4763,(株)クリーク・アンド・リバー社,サービス業,1332,3.75,21,2,3,3,19,3,13,21,85
東証STD,2186,ソーバル(株),サービス業,905,3.65,9,6,-3,9,15,13,21,15,85
東証STD,5388,クニミネ工業(株),ガラス・土石製品,1240,3.23,21,6,9,3,7,7,29,3,85
東証PRM,6328,荏原実業(株),機械,2450,3.06,9,10,15,-8,17,11,10,21,85
東証STD,2114,フジ日本(株),食料品,611,2.95,9,10,15,-2,15,9,20,9,85
東証PRM,8850,スターツコーポレーション(株),不動産業,4875,2.67,3,28,15,-8,15,9,2,21,85
東証PRM,2331,ＡＬＳＯＫ(株),サービス業,1205,2.42,21,-6,15,3,21,11,11,9,85
東証STD,5869,(株)早稲田学習研究会,サービス業,1333,4.65,12,32,6,3,12,-1,14,6,84
東証PRM,2475,ＷＤＢホールディングス(株),サービス業,1501,4.16,21,-2,3,-3,15,15,20,15,84
東証PRM,4206,アイカ工業(株),化学,3520,3.92,15,-2,9,3,21,5,18,15,84
東証STD,2003,日東富士製粉(株),食料品,1800,3.89,9,6,15,3,9,19,20,3,84
東証STD,7464,セフテック(株),卸売業,1620,3.7,15,2,3,21,13,5,10,15,84
福証,1771,日本乾溜工業(株),,985,3.65,21,2,3,-2,17,9,19,15,84
東証STD,5819,カナレ電気(株),非鉄金属,1899,3.48,3,24,-9,3,5,19,30,9,84
東証PRM,3050,ＤＣＭホールディングス(株),小売業,1490,3.22,15,2,3,5,21,9,10,19,84
東証STD,7500,西川計測(株),卸売業,9250,2.59,9,2,9,4,15,19,11,15,84
東証PRM,3498,霞ヶ関キャピタル(株),不動産業,6580,2.51,21,36,15,-22,10,11,-8,21,84
東証PRM,4849,エン(株),サービス業,1113,2.16,9,6,9,9,15,13,20,3,84
東証PRM,6455,(株)モリタホールディングス,輸送用機器,2819,2.06,9,2,9,3,15,9,16,21,84
東証PRM,4203,住友ベークライト(株),化学,5472,2.01,9,-2,9,9,17,9,18,15,84
東証STD,6246,(株)テクノスマート,機械,1892,4.76,9,10,21,-18,21,13,18,9,83
東証PRM,3817,(株)ＳＲＡホールディングス,情報・通信,4520,4.2,15,36,-14,3,17,-2,13,15,83
東証STD,2449,(株)プラップジャパン,サービス業,1058,3.88,9,2,3,9,17,7,21,15,83
東証STD,9709,ＮＣＳ＆Ａ(株),情報・通信,1581,3.67,3,10,10,4,19,14,14,9,83
東証PRM,3176,三洋貿易(株),卸売業,1583,3.66,15,2,9,-2,21,15,20,3,83
東証STD,4430,東海ソフト(株),情報・通信,1841,3.26,21,8,15,-4,17,12,11,3,83
東証PRM,9621,(株)建設技術研究所,サービス業,2892,2.7,21,2,9,-2,17,13,14,9,83
東証STD,9313,丸八倉庫(株),倉庫・運輸関連業,1050,2.48,3,32,9,-3,11,13,15,3,83
東証PRM,3302,帝国繊維(株),繊維製品,2801,2.32,9,2,9,4,13,15,22,9,83
東証STD,4976,東洋ドライルーブ(株),化学,1472,2.27,21,2,3,3,21,1,23,9,83
東証STD,4113,田岡化学工業(株),化学,910,3.96,9,6,15,4,7,9,11,21,82
東証STD,2488,ＪＴＰ(株),サービス業,1246,3.45,15,6,9,3,13,-3,18,21,82
東証PRM,8157,都築電気(株),情報・通信,3520,3.44,9,14,9,-3,21,23,0,9,82
東証GRT,366A,ウェルネス・コミュニケーションズ(株),サービス業,1003,3.43,18,0,18,3,15,0,16,12,82
東証PRM,5186,ニッタ(株),ゴム製品,4465,3.25,15,-6,-3,-3,19,19,26,15,82
東証PRM,7984,コクヨ(株),その他製品,866.4,2.83,9,2,9,-3,19,11,20,15,82
東証PRM,3992,(株)ニーズウェル,情報・通信,458,2.62,15,24,-3,3,13,7,20,3,82
東証PRM,4323,日本システム技術(株),情報・通信,1951,2.31,21,14,-2,-2,9,14,13,15,82
東証PRM,6535,(株)アイモバイル,サービス業,529,5.1,9,32,9,3,9,-10,20,9,81
東証PRM,1928,積水ハウス(株),建設業,3455,4.2,18,-8,12,6,18,20,9,6,81
東証PRM,7607,(株)進和,卸売業,3035,4.09,21,-2,3,4,21,19,12,3,81
東証STD,6365,(株)電業社機械製作所,機械,5550,3.78,15,6,9,-2,15,15,20,3,81
東証STD,4386,(株)ＳＩＧグループ,情報・通信,845,3.43,21,2,15,4,4,7,7,21,81
東証PRM,4577,ダイト(株),医薬品,1260,3.17,21,2,3,9,17,3,17,9,81
東証PRM,2130,(株)メンバーズ,サービス業,1093,3.02,21,2,3,3,27,0,10,15,81
東証PRM,2001,(株)ニップン,食料品,2656,2.48,21,2,9,-9,17,15,11,15,81
東証PRM,2897,日清食品ホールディングス(株),食料品,2868,2.44,15,6,9,3,19,11,15,3,81
東証STD,4979,ＯＡＴアグリオ(株),化学,2708,2.22,15,32,3,-2,15,11,-2,9,81
東証STD,4667,アイサンテクノロジー(株),情報・通信,1680,2.08,15,2,3,-2,21,7,20,15,81
東証GRT,6554,(株)エスユーエス,サービス業,1018,4.91,21,2,9,9,10,5,15,9,80
東証PRM,9658,(株)ビジネスブレイン太田昭和,情報・通信,923,4.8,15,6,9,-3,21,5,12,15,80
東証PRM,6929,日本セラミック(株),電気機器,3645,4.53,3,36,3,9,9,-13,30,3,80
東証PRM,9304,澁澤倉庫(株),倉庫・運輸関連業,1280,4.22,15,2,3,9,15,17,10,9,80
東証PRM,2353,日本駐車場開発(株),不動産業,252,3.57,15,40,3,15,21,-7,-10,3,80
福証,6076,(株)アメイズ,,1251,2.8,15,32,9,-3,13,1,4,9,80
東証PRM,4922,(株)コーセーホールディングス,化学,5665,2.65,15,2,3,-3,15,7,20,21,80
東証PRM,7976,三菱鉛筆(株),その他製品,2437,2.26,3,24,-3,-3,21,15,20,3,80
東証STD,8929,(株)青山財産ネットワークス,不動産業,1375,4.22,15,2,15,-2,21,13,0,15,79
東証PRM,9692,(株)シーイーシー,情報・通信,1978,4.04,18,4,0,-6,16,10,19,18,79
東証STD,5304,ＳＥＣカーボン(株),ガラス・土石製品,2517,3.97,3,32,-7,-9,13,9,29,9,79
東証PRM,2674,(株)ハードオフコーポレーション,小売業,2037,3.83,21,-2,-3,15,13,1,25,9,79
東証PRM,9882,(株)イエローハット,卸売業,1515,3.83,9,2,9,9,21,5,21,3,79
東証PRM,7483,(株)ドウシシャ,卸売業,3315,3.02,-3,2,9,3,15,21,23,9,79
東証STD,1795,(株)マサル,建設業,4780,2.3,9,2,9,4,9,25,12,9,79
東証STD,3559,(株)ピーバンドットコム,卸売業,488,2.05,21,-2,9,-3,7,6,20,21,79
東証STD,5184,(株)ニチリン,ゴム製品,3950,4.81,9,24,-3,3,13,15,14,3,78
東証PRM,7525,リックス(株),卸売業,3375,4.59,21,-2,9,3,13,15,10,9,78
東証STD,8898,(株)センチュリー２１・ジャパン,不動産業,1134,4.41,9,28,-3,3,11,-9,30,9,78
東証PRM,7956,ピジョン(株),その他製品,1740.5,4.37,3,32,3,3,15,-13,20,15,78
東証STD,5356,美濃窯業(株),ガラス・土石製品,1177,3.57,15,6,15,-8,15,11,15,9,78
東証PRM,9989,(株)サンドラッグ,小売業,3821,3.43,21,-2,9,-3,21,9,20,3,78
東証PRM,8570,イオンフィナンシャルサービス(株),その他金融業,1557.5,3.4,15,30,-3,5,11,15,-10,15,78
東証STD,4627,ナトコ(株),化学,1610,3.35,9,2,3,3,13,19,20,9,78
東証PRM,2502,アサヒグループホールディングス(株),食料品,1560,3.33,12,4,6,18,24,17,-3,0,78
東証STD,6405,鈴茂器工(株),機械,1129,3.1,9,-2,3,-2,15,17,29,9,78
東証STD,7461,(株)キムラ,卸売業,457,3.06,15,2,9,9,9,9,10,15,78
東証PRM,1946,(株)トーエネック,建設業,2128,3.05,15,2,10,9,15,18,0,9,78
東証STD,6087,(株)アビスト,サービス業,3410,2.99,21,-2,3,3,13,5,20,15,78
東証GRT,4496,(株)コマースＯｎｅホールディングス,情報・通信,745,2.82,21,28,3,3,-3,-2,16,12,78
東証STD,9059,カンダホールディングス(株),陸運業,863,2.67,15,-2,-3,9,17,11,10,21,78
東証PRM,9301,三菱倉庫(株),倉庫・運輸関連業,1383.5,2.6,15,-6,15,9,19,5,18,3,78
東証STD,6848,東亜ディーケーケー(株),電気機器,876,2.51,15,-2,9,-3,21,15,20,3,78
東証STD,4972,綜研化学(株),化学,3350,2.24,9,6,9,-9,13,15,20,15,78
東証PRM,6988,日東電工(株),化学,3003,2.13,-3,28,-3,3,21,3,20,9,78
東証PRM,8595,ジャフコ　グループ(株),証券業,2172,6.12,3,32,3,-23,19,10,30,3,77
東証GRT,4262,ニフティライフスタイル(株),情報・通信,1406,4.05,12,28,0,3,6,0,16,12,77
東証PRM,7723,愛知時計電機(株),精密機器,2943,3.84,15,2,9,3,15,15,15,3,77
東証PRM,1939,(株)四電工,建設業,2050,3.76,9,10,9,-1,17,13,11,9,77
東証PRM,9716,(株)乃村工藝社,サービス業,1189,3.7,15,10,15,-14,15,15,12,9,77
東証STD,6093,(株)エスクロー・エージェント・ジャパン,サービス業,170,3.53,18,0,12,0,12,0,23,12,77
東証PRM,3288,(株)オープンハウスグループ,不動産業,9339,2.14,21,-6,21,-12,21,13,-8,27,77
名証,7488,(株)ヤガミ,,5840,4.86,-9,36,3,3,15,-1,20,9,76
東証STD,4783,ＮＣＤ(株),情報・通信,2549,4.71,21,6,21,-3,17,15,-4,3,76
東証PRM,8252,(株)丸井グループ,小売業,3041,4.31,9,40,21,-17,21,3,-10,9,76
東証PRM,4633,サカタインクス(株),化学,2341,4.27,15,6,9,-3,15,15,10,9,76
東証PRM,7994,(株)オカムラ,その他製品,2530,4.11,15,2,3,3,19,19,12,3,76
東証STD,4172,Ｈｉクラテス(株),情報・通信,2340,3.76,9,32,-3,-3,-5,12,28,6,76
東証PRM,4097,高圧ガス工業(株),化学,1101,3.63,9,-2,9,-3,13,9,20,21,76
東証PRM,5975,東プレ(株),金属製品,2389,3.35,21,-2,-3,3,15,13,14,15,76
東証STD,6484,(株)ＫＶＫ,機械,2415,3.31,9,2,9,3,17,13,20,3,76
東証STD,3435,サンコーテクノ(株),金属製品,1324,3.17,15,2,9,3,21,9,20,-3,76
東証PRM,2002,(株)日清製粉グループ本社,食料品,1987,3.02,9,-2,10,-9,21,14,18,15,76
東証STD,2425,(株)ケアサービス,サービス業,746,2.95,21,-6,3,3,17,9,14,15,76
東証STD,9057,遠州トラック(株),陸運業,3300,2.91,21,2,3,3,17,5,10,15,76
東証STD,6877,ＯＢＡＲＡ　ＧＲＯＵＰ(株),電気機器,5650,2.65,9,20,-3,-3,11,7,20,15,76
東証STD,9564,(株)ＦＣＥ,サービス業,481,2.08,18,36,-10,9,6,-1,6,12,76
東証PRM,9889,ＪＢＣＣホールディングス(株),情報・通信,1223,3.43,3,14,15,4,21,3,6,9,75
東証PRM,1952,新日本空調(株),建設業,3630,3.03,15,2,15,-12,21,21,10,3,75
東証PRM,2146,ＵＴグループ(株),サービス業,184,5.9,15,6,15,9,3,9,-4,21,74
東証PRM,3002,グンゼ(株),繊維製品,3710,5.82,3,14,16,9,15,0,20,-3,74
東証PRM,7059,(株)コプロ・ホールディングス,サービス業,846,4.73,21,0,9,0,9,-2,16,21,74
東証PRM,6908,イリソ電子工業(株),電気機器,3255,4.61,9,-2,3,3,15,15,28,3,74
東証PRM,3696,(株)セレス,情報・通信,1495,4.01,21,-2,10,9,17,6,4,9,74
東証STD,7811,中本パックス(株),その他製品,1919,3.86,21,-2,-3,3,15,23,8,9,74
東証PRM,9025,鴻池運輸(株),陸運業,2858,3.85,21,2,3,3,17,17,8,3,74
東証PRM,3333,(株)あさひ,小売業,1306,3.83,18,-4,6,0,12,12,18,12,74
東証STD,9233,アジア航測(株),空運業,1180,3.73,21,2,9,3,17,15,10,-3,74
札証,9027,(株)ロジネットジャパン,,3860,3.5,15,6,15,15,17,7,2,-3,74
東証PRM,6923,スタンレー電気(株),電気機器,3010,3.32,3,6,15,3,13,5,20,9,74
東証STD,4421,(株)ディ・アイ・システム,情報・通信,923,3.03,21,-2,9,-3,19,11,4,15,74
東証STD,5013,(株)ユシロ,石油・石炭製品,3345,2.93,15,2,9,-9,11,17,20,9,74
東証PRM,2269,明治ホールディングス(株),食料品,3739,2.81,9,6,3,9,21,9,14,3,74
東証STD,3802,(株)エコミック,情報・通信,469,2.77,9,-2,3,-3,17,7,28,15,74
東証STD,8914,エリアリンク(株),不動産業,1040,2.55,15,32,-2,-12,-3,20,9,15,74
東証STD,4754,(株)トスネット,サービス業,1455,2.54,15,-2,-3,3,9,11,20,21,74
東証PRM,8113,ユニ・チャーム(株),化学,941.2,2.34,18,4,3,-6,21,17,11,6,74
東証STD,2813,和弘食品(株),食料品,3910,2.2,21,6,-12,15,13,5,11,15,74
東証STD,5958,三洋工業(株),金属製品,4505,4.66,9,2,9,-3,9,17,15,15,73
東証PRM,1518,三井松島ホールディングス(株),その他製品,1387,4.61,-3,32,3,3,9,15,11,3,73
東証PRM,3179,シュッピン(株),小売業,1111,4.23,21,2,3,-2,21,11,8,9,73
東証STD,2169,ＣＤＳ(株),サービス業,1821,4.06,9,-2,3,-3,13,17,21,15,73
東証PRM,8923,トーセイ(株),不動産業,1657,3.32,15,36,15,-22,15,15,-10,9,73
東証PRM,6498,(株)キッツ,機械,2138,2.76,9,10,3,3,13,17,15,3,73
東証PRM,4956,コニシ(株),化学,1427,2.66,21,2,9,-3,19,5,11,9,73
東証PRM,4112,保土谷化学工業(株),化学,2497,2,15,2,3,9,11,15,15,3,73
東証PRM,6809,ＴＯＡ(株),電気機器,1744,5.05,9,2,9,3,13,13,20,3,72
東証STD,9698,(株)クレオ,情報・通信,1199,4.59,9,6,3,-3,15,13,20,9,72
東証PRM,9932,杉本商事(株),卸売業,1213,4.45,15,-38,9,9,21,17,30,9,72
東証PRM,5302,日本カーボン(株),ガラス・土石製品,4790,4.18,3,28,4,3,11,4,16,3,72
東証STD,6357,三精テクノロジーズ(株),機械,2165,3.7,9,6,9,-7,13,21,12,9,72
東証PRM,2170,(株)リンクアンドモチベーション,サービス業,555,2.95,3,32,-8,15,19,0,-10,21,72
東証PRM,1930,北陸電気工事(株),建設業,1502,2.93,3,2,9,-3,21,11,20,9,72
東証PRM,6062,(株)チャーム・ケア・コーポレーション,サービス業,1291,2.87,15,6,15,3,21,11,-8,9,72
東証PRM,5659,日本精線(株),鉄鋼,1474,2.85,3,-2,-3,9,11,19,20,15,72
東証PRM,6850,(株)チノー,電気機器,1566,2.71,9,2,21,-9,13,11,10,15,72
名証,9359,伊勢湾海運(株),,958,2.71,-3,-2,3,3,5,19,20,27,72
東証STD,3698,(株)ＣＲＩ・ミドルウェア,情報・通信,1008,2.68,15,2,4,3,6,3,18,21,72
東証STD,1997,暁飯島工業(株),建設業,3775,2.52,9,6,9,-2,13,13,15,9,72
東証PRM,9551,メタウォーター(株),電気・ガス業,3415,2.34,15,2,9,-13,17,19,8,15,72
東証PRM,8818,京阪神ビルディング(株),不動産業,1832,2.18,15,28,1,-3,19,5,10,-3,72
東証GRT,7370,(株)Ｅｎｊｉｎ,サービス業,797,5.02,9,26,-7,0,9,2,17,15,71
東証GRT,9168,(株)ライズ・コンサルティング・グループ,サービス業,425,4.94,9,32,9,3,0,3,3,12,71
東証GRT,7050,(株)フロンティアインターナショナル,サービス業,1524,4.27,9,0,3,7,3,14,14,21,71
東証STD,6797,名古屋電機工業(株),電気機器,1227,3.67,3,36,9,-19,13,11,21,-3,71
東証STD,3683,(株)サイバーリンクス,情報・通信,986,3.55,21,-2,3,3,15,15,13,3,71
東証PRM,4326,(株)インテージホールディングス,情報・通信,1643,2.92,21,-6,3,-3,21,1,19,15,71
東証STD,4287,(株)ジャストプランニング,情報・通信,465,2.8,6,26,0,-6,14,4,27,0,71
東証STD,3021,(株)パシフィックネット,サービス業,1918,2.71,9,10,10,9,19,2,3,9,71
東証PRM,4912,ライオン(株),化学,1566,2.17,9,6,9,3,21,3,11,9,71
東証PRM,8125,(株)ワキタ,卸売業,1823,5.49,21,-10,3,9,15,9,20,3,70
東証STD,4619,日本特殊塗料(株),化学,2069,5.32,15,-6,3,3,21,13,12,9,70
東証PRM,7095,(株)Ｍａｃｂｅｅ　Ｐｌａｎｅｔ,サービス業,1266,4.34,21,2,16,4,3,1,5,18,70
東証STD,3943,大石産業(株),パルプ・紙,1358,3.83,15,-6,-3,3,15,11,20,15,70
東証STD,5966,ＫＴＣ(株),金属製品,2426,3.5,9,2,-3,3,11,19,20,9,70
東証STD,3484,(株)イノベーションホールディングス,不動産業,1128,3.01,21,2,15,-3,21,3,-10,21,70
東証STD,6171,(株)土木管理総合試験所,サービス業,399,3.01,21,-2,-3,-3,13,21,20,3,70
東証GRT,3623,ビリングシステム(株),情報・通信,1085,3,15,28,-1,-12,17,18,-10,15,70
東証STD,5644,(株)メタルアート,鉄鋼,5160,2.91,15,2,-2,4,17,9,10,15,70
東証STD,6543,(株)日宣,サービス業,1185,2.78,21,-6,-3,4,15,15,15,9,70
東証PRM,6340,澁谷工業(株),機械,3425,2.77,15,-2,9,-9,17,11,14,15,70
東証GRT,6568,神戸天然物化学(株),サービス業,1280,2.58,9,2,-3,3,17,15,18,9,70
東証PRM,9742,(株)アイネス,情報・通信,2090,2.39,3,6,9,-3,21,17,20,-3,70
東証STD,4932,(株)アルマード,化学,715,5.59,15,24,10,-1,3,-8,14,12,69
東証GRT,9558,ジャパニアス(株),サービス業,2191,4.61,18,-2,6,-3,15,7,16,12,69
東証STD,7463,(株)アドヴァングループ,小売業,956,4.18,3,20,3,3,11,11,21,-3,69
東証PRM,2792,(株)ハニーズホールディングス,小売業,1457,3.77,-3,28,-8,3,15,8,29,-3,69
東証PRM,5602,(株)栗本鐵工所,鉄鋼,1540,3.74,15,6,9,4,17,13,8,-3,69
東証STD,6249,(株)ゲームカードホールディングス,機械,2683,3.73,3,2,-2,9,9,12,27,9,69
東証STD,1828,田辺工業(株),建設業,2630,3.5,9,2,9,-2,19,13,10,9,69
東証PRM,6371,(株)椿本チエイン,機械,2333,3.43,9,-2,-3,3,15,23,15,9,69
東証STD,8945,サンネクスタグループ(株),不動産業,1236,3.4,15,2,-3,-1,15,7,19,15,69
東証PRM,4204,積水化学工業(株),化学,2463,3.25,9,-2,15,9,21,3,11,3,69
東証PRM,1938,日本リーテック(株),建設業,2733,3,15,2,9,-14,19,15,20,3,69
東証PRM,6741,日本信号(株),電気機器,1713,2.92,15,2,3,-8,19,19,16,3,69
東証PRM,6113,(株)アマダ,機械,2617,2.37,3,32,3,-3,19,3,21,-9,69
東証PRM,9740,ＣＳＰ,サービス業,2679,2.28,15,2,3,-3,11,15,11,15,69
東証PRM,6653,(株)正興電機製作所,電気機器,2512,2.19,15,2,9,-12,21,9,10,15,69
東証STD,6643,(株)戸上電機製作所,電気機器,6330,2.05,9,-2,3,3,9,15,17,15,69
東証PRM,6073,(株)アサンテ,サービス業,1485,4.18,9,2,9,-3,15,3,24,9,68
東証STD,9340,(株)アソインターナショナル,サービス業,690,3.77,9,32,-2,0,-3,3,14,15,68
東証GRT,7325,(株)アイリックコーポレーション,保険業,889,3.6,21,6,3,3,6,3,23,3,68
東証PRM,6448,ブラザー工業(株),電気機器,2960,3.38,3,6,3,-3,19,10,15,15,68
東証PRM,3167,(株)ＴＯＫＡＩホールディングス,卸売業,1152,3.13,15,6,9,9,13,19,0,-3,68
東証PRM,6788,(株)日本トリム,電気機器,4300,3.02,9,28,-3,-3,9,5,20,3,68
東証PRM,4951,エステー(株),化学,1494,2.95,3,2,9,3,19,9,20,3,68
東証STD,4524,森下仁丹(株),医薬品,2235,2.91,3,10,-3,9,11,9,20,9,68
東証PRM,3663,(株)セルシス,情報・通信,1370,2.77,15,28,-8,-3,21,-8,20,3,68
東証PRM,9065,山九(株),陸運業,8616,2.74,9,10,15,3,15,-1,8,9,68
東証PRM,5101,横浜ゴム(株),ゴム製品,6477,2.66,15,6,9,-3,17,7,8,9,68
東証STD,9221,フルハシＥＰＯ(株),サービス業,1245,2.41,18,36,-5,3,14,4,-2,0,68
東証PRM,6806,ヒロセ電機(株),電気機器,21760,2.25,-3,28,-3,9,5,-1,30,3,68
東証PRM,4218,ニチバン(株),化学,1825,2.19,15,2,9,3,5,15,16,3,68
東証STD,7713,シグマ光機(株),精密機器,1963,2.14,9,-6,3,3,13,21,28,-3,68
東証STD,2479,(株)ジェイテック,サービス業,236,5.51,3,6,9,-1,11,13,11,15,67
東証PRM,2410,(株)キャリアデザインセンター,サービス業,2418,5.17,15,-6,-2,3,13,12,17,15,67
東証PRM,7458,(株)第一興商,卸売業,1636,4.1,15,2,9,3,17,3,15,3,67
東証PRM,7033,(株)マネジメントソリューションズ,サービス業,1332,3.75,15,2,4,3,9,2,11,21,67
東証PRM,2491,バリューコマース(株),サービス業,471,3.4,3,2,9,3,9,13,19,9,67
東証STD,7358,(株)ポピンズ,サービス業,1410,3.33,21,2,15,3,5,7,8,6,67
東証PRM,9142,九州旅客鉄道(株),陸運業,3676,3.13,15,6,4,4,12,13,10,3,67
東証PRM,7917,ＺＡＣＲＯＳ(株),化学,1397,2.58,21,2,-3,-3,13,13,15,9,67
東証STD,3426,アトムリビンテック(株),金属製品,1326,2.38,3,6,3,-8,11,21,22,9,67
東証STD,6239,(株)ナガオカ,機械,1491,2.35,9,40,5,-2,9,0,9,-3,67
東証GRT,6069,トレンダーズ(株),サービス業,686,5.1,15,10,15,-28,21,9,21,3,66
東証PRM,8214,(株)ＡＯＫＩホールディングス,小売業,1572,5.09,9,2,3,15,15,3,16,3,66
東証STD,7812,(株)クレステック,その他製品,1882,4.36,-3,2,9,15,9,25,-6,15,66
東証PRM,8059,第一実業(株),卸売業,3250,3.85,9,2,15,-13,21,19,4,9,66
東証STD,8704,トレイダーズホールディングス(株),証券業,1081,3.7,15,36,-1,-6,9,8,-10,15,66
東証PRM,3580,小松マテーレ(株),繊維製品,749,3.6,9,2,3,9,17,9,20,-3,66
東証PRM,5288,アジアパイルホールディングス(株),ガラス・土石製品,1422,3.52,9,6,3,9,17,7,6,9,66
東証STD,8908,(株)毎日コムネット,不動産業,918,3.49,15,6,15,-17,17,25,-4,9,66
東証PRM,9310,日本トランスシティ(株),倉庫・運輸関連業,1170,3.33,9,-6,9,3,13,13,10,15,66
東証PRM,5444,大和工業(株),鉄鋼,12110,3.3,3,2,3,3,17,11,30,-3,66
東証STD,8066,三谷商事(株),卸売業,2604,3.07,9,2,3,3,21,3,10,15,66
東証STD,4247,ポバール興業(株),化学,1288,3.03,15,-2,-3,-3,19,11,26,3,66
東証GRT,9560,(株)プログリット,サービス業,747,2.95,18,36,1,-2,3,1,-3,12,66
東証PRM,5947,リンナイ(株),金属製品,3606,2.77,15,-6,3,3,21,-5,20,15,66
東証PRM,7995,(株)バルカー,化学,5810,2.58,3,-2,3,-3,17,13,20,15,66
東証PRM,9001,東武鉄道(株),陸運業,2809,2.4,9,2,15,3,19,13,-10,15,66
東証PRM,6465,ホシザキ(株),機械,5200,2.21,9,-10,9,3,17,9,20,9,66
東証PRM,9678,(株)カナモト,サービス業,4650,2.15,15,-2,3,9,17,7,2,15,66
東証GRT,9163,(株)ナレルグループ,サービス業,2281,5.04,9,28,-2,0,6,3,6,15,65
東証STD,9368,キムラユニティー(株),倉庫・運輸関連業,911,4.17,9,6,9,3,11,7,11,9,65
東証STD,9028,(株)ゼロ,陸運業,3395,4.13,15,6,9,3,9,4,10,9,65
東証STD,7030,(株)スプリックス,サービス業,1384,2.75,21,2,3,9,7,7,13,3,65
東証PRM,1605,(株)ＩＮＰＥＸ,鉱業,4123,2.62,-3,28,-8,15,11,8,17,-3,65
東証PRM,7846,(株)パイロットコーポレーション,その他製品,4843,2.6,3,20,-3,-3,21,5,19,3,65
東証GRT,7080,(株)スポーツフィールド,サービス業,887,2.59,15,30,-8,1,0,6,0,21,65
東証PRM,2753,(株)あみやき亭,小売業,1342,2.53,12,-4,-6,0,12,9,24,18,65
東証PRM,8919,(株)カチタス,不動産業,3170,2.46,21,32,9,-12,9,5,4,-3,65
東証PRM,8591,オリックス(株),その他金融業,5350,2.24,9,0,9,15,17,17,-5,3,65
東証PRM,7224,新明和工業(株),輸送用機器,2618,2.06,15,-2,3,-3,19,15,9,9,65
東証STD,2136,(株)ヒップ,サービス業,1440,4.86,15,2,-3,-3,11,7,14,21,64
東証STD,4171,(株)グローバルインフォメーション,情報・通信,1295,4.02,-9,24,-3,3,10,7,14,18,64
東証PRM,7187,ジェイリース(株),その他金融業,1328,3.77,21,24,-1,-5,9,11,-10,15,64
東証STD,6402,兼松エンジニアリング(株),機械,1809,3.65,15,2,9,-1,5,21,10,3,64
東証PRM,6240,ヤマシンフィルタ(株),機械,500,3.6,3,2,15,9,15,-3,26,-3,64
東証PRM,1925,大和ハウス工業(株),建設業,4876,3.59,21,2,9,3,21,15,-10,3,64
東証PRM,7893,(株)プロネクサス,その他製品,1090,3.49,21,-2,3,-9,17,11,20,3,64
東証PRM,4809,パラカ(株),不動産業,2026,3.46,15,28,9,-9,19,1,10,-9,64
東証PRM,6305,日立建機(株),機械,5644,3.37,3,32,-3,-13,7,21,8,9,64
東証STD,9306,東陽倉庫(株),倉庫・運輸関連業,2112,3.31,9,-34,15,9,19,21,10,15,64
東証PRM,3941,レンゴー(株),パルプ・紙,1256,3.18,21,2,9,-3,13,11,-10,21,64
東証STD,9906,藤井産業(株),卸売業,4170,3.12,9,6,9,-3,9,9,10,15,64
東証PRM,5121,藤倉コンポジット(株),ゴム製品,2512,3.03,3,2,3,9,11,-1,22,15,64
東証STD,7265,エイケン工業(株),輸送用機器,3725,2.95,3,-2,3,3,7,13,22,15,64
東証PRM,1766,東建コーポレーション(株),建設業,12600,2.86,9,2,3,3,15,13,10,9,64
東証PRM,4554,富士製薬工業(株),医薬品,2242,2.19,9,-6,3,4,19,17,15,3,64
東証PRM,6718,アイホン(株),電気機器,2830,4.59,21,-10,-3,-14,11,19,30,9,63
東証STD,7775,大研医器(株),精密機器,441,4.54,15,24,3,-3,9,-9,15,9,63
東証STD,6894,パルステック工業(株),電気機器,2145,3.73,3,28,-3,-7,1,18,20,3,63
東証PRM,4826,(株)ＣＩＪ,情報・通信,506,3.56,15,2,3,9,13,-1,25,-3,63
東証PRM,7981,タカラスタンダード(株),その他製品,2820,3.55,21,-2,-3,-8,19,1,20,15,63
東証PRM,7600,(株)日本エム・ディ・エム,精密機器,503,3.38,21,-6,-2,-3,21,10,19,3,63
東証STD,3437,特殊電極(株),金属製品,3110,3.22,15,6,9,-13,15,13,15,3,63
東証GRT,4076,(株)シイエヌエス,情報・通信,1715,3.21,21,-4,3,-5,13,5,15,15,63
東証STD,2393,(株)日本ケアサプライ,サービス業,2265,3.18,21,2,9,-2,13,3,20,-3,63
東証STD,4994,大成ラミックグループ(株),化学,2360,2.97,9,-2,-3,3,9,13,19,15,63
東証PRM,3443,川田テクノロジーズ(株),金属製品,1649,2.93,21,6,9,-12,13,13,4,9,63
名証,9357,名港海運(株),,2400,2.92,3,2,9,3,11,9,23,3,63
東証PRM,7199,プレミアグループ(株),その他金融業,1859,2.9,21,28,15,-23,13,10,-10,9,63
東証PRM,9303,(株)住友倉庫,倉庫・運輸関連業,3800,2.71,3,-6,3,9,21,13,11,9,63
,9388,(株)パパネッツ,,1522,2.63,18,2,12,1,18,1,-1,12,63
東証STD,6489,前澤工業(株),機械,1861,2.58,9,6,9,-2,19,11,14,-3,63
東証PRM,1950,日本電設工業(株),建設業,5110,2.25,9,6,9,-14,21,11,18,3,63
東証PRM,6277,ホソカワミクロン(株),機械,5860,2.22,3,-2,3,9,13,5,17,15,63
東証GRT,9245,(株)リベロ,サービス業,1985,2.12,15,8,15,6,1,-1,4,15,63
東証PRM,1417,(株)ミライト・ワン,建設業,4109,2.07,21,2,3,-3,17,1,13,9,63
東証STD,6919,ケル(株),電気機器,1426,5.61,3,2,3,3,5,15,22,9,62
東証STD,1384,(株)ホクリヨウ,水産・農林業,2701,4.44,15,-2,3,3,11,7,16,9,62
東証STD,4093,東邦アセチレン(株),化学,416,3.37,-3,-2,-3,-3,17,19,10,27,62
東証STD,6223,(株)西部技研,機械,2155,3.25,9,28,-9,-6,9,6,10,15,62
東証PRM,6572,オープングループ(株),サービス業,217,3,21,6,5,9,0,-6,12,15,62
東証STD,4685,(株)菱友システムズ,情報・通信,3170,2.92,9,6,21,-13,21,5,10,3,62
名証,5979,カネソウ(株),,5210,2.88,9,2,9,3,9,-9,30,9,62
東証STD,7727,(株)オーバル,精密機器,705,2.84,9,2,-3,9,15,15,18,-3,62
東証STD,2216,カンロ(株),食料品,1167,2.83,9,6,3,3,13,21,10,-3,62
東証PRM,7466,ＳＰＫ(株),卸売業,1299,2.81,15,-42,21,3,21,9,20,15,62
東証STD,1967,(株)ヤマト,建設業,2145,2.61,15,-2,-3,-7,17,13,20,9,62
東証PRM,2157,(株)コシダカホールディングス,サービス業,1012,2.57,15,10,-7,-2,21,14,8,3,62
東証STD,5367,(株)ニッカトー,ガラス・土石製品,820,2.56,3,2,3,-3,13,21,20,3,62
東証PRM,7269,スズキ(株),輸送用機器,1800,2.56,9,6,9,9,19,9,4,-3,62
東証PRM,9048,名古屋鉄道(株),陸運業,1777.5,2.25,15,10,9,9,11,9,-10,9,62
東証STD,3920,アイビーシー(株),情報・通信,999,2.2,21,2,-7,-7,9,5,18,21,62
東証STD,4595,(株)ミズホメディー,医薬品,1775,5.63,3,24,-9,-3,3,21,19,3,61
東証PRM,6737,ＥＩＺＯ(株),電気機器,2066,5.32,3,-2,-3,4,21,9,20,9,61
東証PRM,9474,(株)ゼンリン,情報・通信,879,4.78,9,6,3,-3,21,-1,17,9,61
東証STD,2485,(株)ティア,サービス業,499,4.61,15,-2,3,3,15,3,9,15,61
東証PRM,1929,日特建設(株),建設業,1205,4.07,3,2,9,-1,21,11,13,3,61
東証STD,7417,(株)南陽,卸売業,1462,3.97,3,6,9,-3,13,19,11,3,61
東証PRM,4041,日本曹達(株),化学,3650,3.84,3,6,-9,9,13,17,19,3,61
東証STD,4761,(株)さくらケーシーエス,情報・通信,1325,3.62,-9,10,15,-2,11,7,20,9,61
東証STD,6158,(株)和井田製作所,機械,964,3.53,3,-2,-3,-1,9,11,23,21,61
東証STD,6874,協立電機(株),電気機器,2815,3.2,9,10,9,-9,15,9,9,9,61
東証PRM,6238,フリュー(株),機械,1287,3.03,21,2,3,-9,9,11,21,3,61
東証STD,220A,(株)Ｆａｂｅｒ　Ｃｏｍｐａｎｙ,情報・通信,1007,2.98,6,32,6,-3,0,0,14,6,61
東証PRM,6301,コマツ,機械,6856,2.77,9,0,9,3,13,13,5,9,61
東証PRM,8227,(株)しまむら,小売業,3332,2.4,0,0,0,6,10,12,27,6,61
東証STD,5984,兼房(株),金属製品,752,2.33,9,-2,3,-3,3,19,29,3,61
東証STD,1438,(株)岐阜造園,建設業,1920,2.08,3,-2,3,-3,15,11,19,15,61
東証PRM,7148,(株)ＦＰＧ,証券業,1533,6.05,15,28,3,-11,15,9,-8,9,60
東証PRM,9341,(株)ＧＥＮＯＶＡ,サービス業,554,5.42,15,28,4,0,0,-2,6,9,60
東証PRM,3231,野村不動産ホールディングス(株),不動産業,1002,4.39,21,32,9,-23,21,19,-10,-9,60
東証PRM,4251,恵和(株),化学,1197,4.18,-3,34,-2,0,12,3,7,9,60
東証STD,2927,(株)ＡＦＣ－ＨＤアムスライフサイエンス,食料品,867,4.15,15,2,3,3,3,19,0,15,60
東証PRM,2471,(株)エスプール,サービス業,243,4.12,9,6,9,9,17,11,-10,9,60
東証STD,9763,丸建リース(株),卸売業,1309,4,15,2,15,-3,11,13,4,3,60
東証PRM,5011,ニチレキグループ(株),石油・石炭製品,2070,3.86,15,-2,-3,-3,21,9,20,3,60
名証,9471,(株)文溪堂,,1154,3.71,9,-2,-3,3,-9,27,20,15,60
東証PRM,3636,(株)三菱総合研究所,情報・通信,4590,3.59,9,2,3,3,21,15,10,-3,60
東証STD,4231,タイガースポリマー(株),化学,986,3.55,15,-6,-3,-9,11,11,20,21,60
東証PRM,7925,前澤化成工業(株),化学,2048,3.42,9,2,3,3,13,-15,30,15,60
東証STD,6819,伊豆シャボテンリゾート(株),サービス業,479,3.13,9,6,-3,9,3,6,21,9,60
東証PRM,1926,ライト工業(株),建設業,3920,3.01,15,-2,3,-9,21,5,18,9,60
東証STD,1716,第一カッター興業(株),建設業,1429,2.8,-3,-6,3,-3,15,11,22,21,60
東証PRM,8729,ソニーフィナンシャルグループ(株),保険業,138.2,2.75,9,0,9,9,19,9,-10,15,60
東証PRM,9729,(株)トーカイ,サービス業,2650,2.57,15,-10,3,-3,9,11,20,15,60
東証GRT,6545,(株)インターネットインフィニティー,サービス業,719,2.5,21,6,9,9,3,5,-2,9,60
東証PRM,4980,デクセリアルズ(株),化学,2461.5,2.36,-3,32,9,9,1,-9,12,9,60
東証PRM,5262,日本ヒューム(株),ガラス・土石製品,1190,2.02,9,-2,9,-9,19,11,20,3,60
東証STD,7638,(株)ＮＥＷ　ＡＲＴ　ＨＯＬＤＩＮＧＳ,小売業,1392,5.75,15,32,3,-7,7,0,6,3,59
東証PRM,9743,(株)丹青社,サービス業,1433,5.58,12,8,6,-10,16,6,15,6,59
東証PRM,9076,セイノーホールディングス(株),陸運業,2427.5,4.2,21,-42,9,15,15,7,19,15,59
東証GRT,4308,(株)Ｊストリーム,情報・通信,362,3.87,15,-6,3,-3,4,13,24,9,59
東証STD,5533,(株)エリッツホールディングス,不動産業,1953,3.58,9,28,3,0,3,0,7,9,59
東証STD,7065,ユーピーアール(株),サービス業,990,3.54,15,4,3,12,17,8,-3,3,59
東証PRM,3968,セグエグループ(株),情報・通信,526,3.42,21,6,9,-7,15,6,0,9,59
東証PRM,4109,ステラ　ケミファ(株),化学,5270,3.42,3,-2,-3,9,15,5,17,15,59
東証PRM,9902,(株)日伝,卸売業,2368,2.96,9,2,9,3,15,9,21,-9,59
東証STD,9423,(株)ＦＲＳ,情報・通信,104,2.69,21,6,3,-8,18,8,8,3,59
東証PRM,6136,ＯＳＧ,機械,3218,2.61,9,24,-9,-3,3,7,19,9,59
東証GRT,4428,(株)シノプス,情報・通信,695,2.45,15,6,9,-2,6,1,21,3,59
東証PRM,2201,森永製菓(株),食料品,2724.5,2.39,21,6,3,-2,21,-1,14,-3,59
東証PRM,4053,(株)Ｓｕｎ　Ａｓｔｅｒｉｓｋ,情報・通信,425,2.35,21,-2,3,9,0,5,14,9,59
東証PRM,6560,(株)エル・ティー・エス,サービス業,1704,2.35,21,10,10,-7,3,-2,9,15,59
東証STD,6928,(株)エノモト,電気機器,3220,2.33,9,2,3,3,17,2,20,3,59
東証PRM,6849,日本光電,電気機器,1461,2.19,21,-2,-9,-8,5,17,20,15,59
東証PRM,9409,(株)テレビ朝日ホールディングス,情報・通信,3280,2.13,9,-6,3,9,7,19,21,-3,59
東証PRM,7508,(株)Ｇ－７ホールディングス,小売業,1310,5.34,21,-38,9,3,19,27,8,9,58
東証STD,1972,三晃金属工業(株),建設業,1249,5.12,3,2,3,3,3,7,16,21,58
東証PRM,1878,大東建託(株),不動産業,3508,4.08,15,6,21,3,21,5,-10,-3,58
東証PRM,7744,ノーリツ鋼機(株),精密機器,2047,3.66,15,6,-2,-8,13,11,14,9,58
東証PRM,9997,(株)ベルーナ,小売業,848,3.54,9,-2,3,-3,17,15,10,9,58
東証PRM,7516,コーナン商事(株),小売業,4070,3.44,15,2,15,-3,21,15,-10,3,58
東証GRT,7378,(株)アシロ,サービス業,1976,3.29,21,4,-6,1,9,1,13,15,58
東証PRM,4996,クミアイ化学工業(株),化学,760,3.16,21,6,-3,-17,7,13,16,15,58
東証PRM,4694,(株)ビー・エム・エル,サービス業,3825,3.14,9,-6,3,15,7,7,20,3,58
東証PRM,3676,(株)デジタルハーツホールディングス,情報・通信,839,2.98,21,-10,3,3,17,3,0,21,58
東証STD,5922,那須電機鉄工(株),金属製品,19300,2.85,3,36,-8,-8,15,12,11,-3,58
東証PRM,8316,(株)三井住友フィナンシャルグループ,銀行業,5648,2.78,9,0,9,-1,19,17,-10,15,58
東証STD,3421,(株)稲葉製作所,金属製品,1684,2.61,9,2,3,-3,15,3,20,9,58
東証STD,6145,ＮＩＴＴＯＫＵ(株),機械,2464,2.52,15,2,-3,-3,9,9,20,9,58
東証STD,3974,ＳＣＡＴ(株),情報・通信,573,2.44,3,-2,3,-3,15,9,18,15,58
東証PRM,5423,東京製鐵(株),鉄鋼,1693,2.36,3,-6,-3,9,17,9,20,9,58
東証PRM,1721,コムシスホールディングス(株),建設業,5834,2.06,15,2,3,-9,21,3,20,3,58
東証STD,7927,ムトー精工(株),化学,1959,5.16,9,10,4,3,3,8,11,9,57
東証STD,1847,(株)イチケン,建設業,2757,4.17,15,2,3,10,17,5,2,3,57
東証PRM,8877,エスリード(株),不動産業,5960,4.03,21,40,21,-56,19,13,8,-9,57
東証STD,6485,前澤給装工業(株),機械,1555,3.86,3,2,9,-2,11,1,30,3,57
東証PRM,1419,タマホーム(株),建設業,3570,3.5,9,6,10,-2,21,6,-8,15,57
東証STD,5921,川岸工業(株),金属製品,4210,3.33,3,2,3,-7,13,5,29,9,57
東証STD,3089,テクノアルファ(株),卸売業,1061,3.3,9,10,5,-12,15,8,19,3,57
東証STD,3355,クリヤマホールディングス(株),卸売業,1880,3.24,15,-2,3,-8,21,13,12,3,57
東証STD,6505,東洋電機製造(株),電気機器,2498,3,9,6,10,-8,7,14,10,9,57
東証PRM,8255,アクシアル　リテイリング(株),小売業,1134,2.56,21,-42,9,9,17,13,15,15,57
東証STD,4320,(株)ＣＥホールディングス,情報・通信,1155,2.08,3,6,3,-2,19,1,12,15,57
東証STD,5965,(株)フジマック,金属製品,1250,4.8,3,2,9,9,15,5,10,3,56
東証STD,3934,(株)ベネフィットジャパン,情報・通信,1870,4.22,9,-2,15,-6,9,10,18,3,56
東証PRM,5930,文化シヤッター(株),金属製品,1866,3.97,21,-6,3,-3,15,7,10,9,56
東証PRM,9755,応用地質(株),サービス業,2794,3.94,3,6,9,-1,15,-5,26,3,56
東証STD,5697,(株)サンユウ,鉄鋼,650,3.85,15,2,3,3,3,11,10,9,56
東証PRM,7085,(株)カーブスホールディングス,サービス業,834,3.6,9,6,9,15,13,1,-3,6,56
東証STD,2932,(株)ＳＴＩフードホールディングス,食料品,1121,3.57,15,2,7,3,7,14,2,6,56
東証STD,3981,(株)ビーグリー,情報・通信,1271,3.54,9,2,3,3,9,4,5,21,56
東証STD,1770,藤田エンジニアリング(株),建設業,1751,3.43,3,2,9,-8,17,13,11,9,56
東証STD,5368,日本インシュレーション(株),ガラス・土石製品,1174,3.41,-3,-2,3,3,13,10,14,18,56
東証STD,3521,テルマー湯ホールディングス(株),サービス業,152,3.29,9,14,5,-12,0,0,19,21,56
東証STD,7208,(株)カネミツ,輸送用機器,1151,3.17,9,2,-3,-3,21,1,20,9,56
東証PRM,6013,(株)タクマ,機械,2799,3.11,21,2,3,-11,21,13,10,-3,56
東証PRM,4027,テイカ(株),化学,1956,3.07,9,-2,3,3,17,9,20,-3,56
東証STD,2795,日本プリメックス(株),卸売業,895,2.79,15,-2,3,-3,9,11,20,3,56
東証PRM,3407,旭化成(株),化学,1542,2.59,9,-2,-2,-3,15,8,10,21,56
東証PRM,8088,岩谷産業(株),卸売業,1974.5,2.38,3,-2,15,9,19,9,0,3,56
東証PRM,1951,エクシオグループ(株),建設業,2918,2.26,15,2,3,3,21,1,14,-3,56
東証PRM,2229,カルビー(株),食料品,3034,2.18,9,-6,3,3,17,13,20,-3,56
東証PRM,5757,(株)ＣＫサンエツ,非鉄金属,4160,2.16,3,2,9,-2,15,13,13,3,56
東証PRM,9381,(株)エーアイテイー,倉庫・運輸関連業,2212,4.97,15,-6,3,3,13,1,17,9,55
東証STD,5936,東洋シヤッター(株),金属製品,929,4.31,9,-2,9,4,17,9,0,9,55
東証PRM,7482,(株)シモジマ,卸売業,1307,4.13,9,-2,-3,3,13,3,29,3,55
東証PRM,4552,ＪＣＲファーマ(株),医薬品,561,3.57,9,2,-2,-1,9,14,15,9,55
東証PRM,3482,ロードスターキャピタル(株),不動産業,3070,3.19,21,28,15,-47,18,9,-10,21,55
東証STD,2612,かどや製油(株),食料品,1586,2.84,15,-2,3,-3,-1,15,25,3,55
東証GRT,6224,(株)ＪＲＣ,機械,1198,2.84,12,28,7,3,7,-2,-6,6,55
東証STD,5589,(株)オートサーバー,情報・通信,2660,2.52,12,0,3,9,11,4,10,6,55
東証PRM,4680,(株)ラウンドワン,サービス業,881.9,2.04,21,4,3,4,13,1,0,9,55
東証PRM,5192,三ツ星ベルト(株),ゴム製品,3925,4.74,9,-2,3,9,7,-7,20,15,54
東証PRM,4042,東ソー(株),化学,2415,4.14,3,2,3,-8,15,13,17,9,54
東証PRM,7202,いすゞ自動車(株),輸送用機器,2271,4.05,9,2,3,3,17,7,10,3,54
東証STD,2498,(株)オリエンタルコンサルタンツホールディングス,サービス業,3125,4,15,14,15,-17,21,7,-10,9,54
東証STD,4198,(株)テンダ,情報・通信,557,3.95,15,0,4,6,15,8,9,-3,54
東証STD,7551,(株)ウェッズ,輸送用機器,707,3.82,3,-2,-3,9,-9,21,20,15,54
東証PRM,6287,(株)サトー,機械,2119,3.59,21,2,-8,3,19,-2,10,9,54
東証PRM,6651,日東工業(株),電気機器,4455,2.96,15,-2,3,3,1,5,20,9,54
東証PRM,3865,北越コーポレーション(株),パルプ・紙,893,2.91,9,-2,-3,3,5,15,12,15,54
東証PRM,4665,(株)ダスキン,サービス業,3948,2.91,3,2,3,3,17,-3,20,9,54
東証PRM,6250,(株)やまびこ,機械,3955,2.78,9,2,3,-14,13,19,13,9,54
東証STD,6023,ダイハツインフィニアース(株),輸送用機器,2997,2.3,15,-2,3,9,13,9,10,-3,54
東証STD,9856,(株)ケーユーホールディングス,小売業,1160,5,21,-6,3,-8,7,13,20,3,53
東証STD,6540,(株)船場,サービス業,1663,4.69,3,2,3,-7,15,13,15,9,53
東証STD,6382,トリニティ工業(株),機械,1312,4.65,3,6,3,-19,3,23,19,15,53
東証STD,7192,日本モーゲージサービス(株),その他金融業,651,4.61,3,28,3,-11,12,13,-10,15,53
東証PRM,8935,(株)ＦＪネクストホールディングス,不動産業,1517,4.35,21,-6,9,-11,19,5,19,-3,53
東証PRM,2109,ＤＭ三井製糖(株),食料品,3320,3.92,15,2,-3,-9,11,15,13,9,53
東証PRM,9434,ソフトバンク(株),情報・通信,219.3,3.92,21,32,9,9,3,-14,-10,3,53
東証PRM,1813,(株)不動テトラ,建設業,3055,3.76,9,6,9,-12,7,21,10,3,53
東証STD,7523,アールビバン(株),小売業,1602,3.75,15,32,-2,-11,9,-3,10,3,53
東証PRM,6247,(株)日阪製作所,機械,1642,3.35,15,6,-3,-13,9,15,27,-3,53
東証STD,6230,ＳＡＮＥＩ(株),機械,2110,3.27,15,-2,3,-3,19,8,7,6,53
東証STD,5018,(株)ＭＯＲＥＳＣＯ,石油・石炭製品,1715,3.21,15,-2,-3,3,13,7,11,9,53
東証STD,2883,(株)大冷,食料品,1992,3.01,-3,2,-2,4,9,20,20,3,53
東証STD,6482,ＹＵＳＨＩＮ(株),機械,669,2.99,9,-6,-3,-14,5,25,28,9,53
東証STD,4317,(株)レイ,サービス業,512,2.93,-3,2,9,3,7,13,13,9,53
東証STD,2876,(株)デルソーレ,食料品,452,2.65,9,2,-2,3,9,12,11,9,53
東証STD,6648,(株)かわでん,電気機器,2205,2.63,9,-6,-3,-2,13,13,20,9,53
東証STD,5997,協立エアテック(株),金属製品,798,2.51,9,2,9,3,7,9,11,3,53
東証STD,3001,片倉工業(株),繊維製品,2620,2.29,-9,10,15,-2,19,9,8,3,53
東証PRM,6080,Ｍ＆Ａキャピタルパートナーズ(株),サービス業,3255,2.1,0,-8,3,9,4,4,26,15,53
東証PRM,4725,(株)ＣＡＣ　Ｈｏｌｄｉｎｇｓ,情報・通信,1816,5.51,3,-6,15,-8,15,9,15,9,52
東証STD,7932,(株)ニッピ,その他製品,11700,5.41,9,2,3,3,11,1,8,15,52
東証PRM,4521,科研製薬(株),医薬品,4060,4.68,-15,28,3,-9,11,-1,26,9,52
東証STD,8023,ＤＡＩＫＯ　ＸＴＥＣＨ(株),情報・通信,983,3.66,15,10,-3,-8,18,11,-6,15,52
東証PRM,7943,ニチハ(株),ガラス・土石製品,3155,3.61,15,-6,-3,3,11,5,18,9,52
東証PRM,6294,オカダアイヨン(株),機械,2230,3.36,15,-2,3,-17,21,13,10,9,52
東証PRM,7609,ダイトロン(株),卸売業,2894,3.28,15,2,3,-13,15,15,6,9,52
東証PRM,9543,静岡ガス(株),電気・ガス業,1440,3.06,-3,2,-3,-2,21,9,19,9,52
東証PRM,8283,(株)ＰＡＬＴＡＣ,卸売業,4667,2.57,21,-38,15,-9,21,11,10,21,52
東証STD,6083,ＥＲＩホールディングス(株),サービス業,4310,2.55,9,28,3,-9,5,7,6,3,52
東証STD,9145,(株)ビーイングホールディングス,陸運業,592,2.53,21,6,10,3,14,5,-7,0,52
東証STD,6360,(株)東京自働機械製作所,機械,3990,2.51,9,10,15,-11,15,11,0,3,52
東証STD,9828,(株)Ｇｅｎｋｉ　Ｇｌｏｂａｌ　Ｄｉｎｉｎｇ　Ｃｏｎｃｅｐｔｓ,小売業,2815,2.49,21,6,3,3,1,13,-4,9,52
東証PRM,9413,(株)テレビ東京ホールディングス,情報・通信,4025,2.48,9,-6,-3,-9,9,17,20,15,52
東証PRM,1802,(株)大林組,建設業,3844,2.26,21,6,3,3,17,7,-8,3,52
東証STD,9361,伏木海陸運送(株),倉庫・運輸関連業,2310,2.16,3,2,15,9,9,7,4,3,52
東証PRM,1982,日比谷総合設備(株),建設業,3100,2.1,3,-2,15,-7,19,-5,20,9,52
東証STD,4644,イマジニア(株),情報・通信,1023,5.87,9,-6,3,-14,11,9,30,9,51
東証STD,3562,(株)Ｎｏ．１,卸売業,1643,4.81,15,6,3,3,12,7,2,3,51
東証STD,4174,(株)アピリッツ,情報・通信,625,4.64,18,2,0,3,6,1,15,6,51
東証PRM,6905,コーセル(株),電気機器,1274,4.32,9,2,-2,-8,9,8,30,3,51
東証PRM,9216,ビーウィズ(株),サービス業,1880,4.1,12,-2,6,-3,12,6,8,12,51
東証PRM,4092,日本化学工業(株),化学,3265,3.68,9,2,3,3,9,11,11,3,51
東証PRM,4547,キッセイ薬品工業(株),医薬品,4545,3.52,9,2,-3,-6,21,1,30,-3,51
東証STD,7565,萬世電機(株),卸売業,5850,3.42,3,2,9,-2,17,7,12,3,51
東証STD,3947,ダイナパック(株),パルプ・紙,2375,3.37,15,-38,4,9,15,14,11,21,51
東証PRM,3232,三重交通グループホールディングス(株),不動産業,538,3.35,15,10,15,-8,21,11,-10,-3,51
東証PRM,7606,(株)ユナイテッドアローズ,小売業,2477,3.31,15,6,3,-8,17,11,10,-3,51
東証PRM,409A,オリオンビール(株),食料品,1287,3.11,15,6,3,3,10,0,14,0,51
東証STD,3020,アプライド(株),小売業,3890,3.08,9,6,9,-2,7,5,2,15,51
東証STD,7081,コーユーレンティア(株),サービス業,1306,2.83,15,0,3,6,6,7,5,9,51
東証PRM,8306,(株)三菱ＵＦＪフィナンシャル・グループ,銀行業,2875,2.57,21,0,9,-2,19,5,-10,9,51
東証PRM,9830,トラスコ中山(株),卸売業,2312,2.53,15,-6,-3,3,3,9,21,9,51
東証STD,1965,(株)テクノ菱和,建設業,7020,2.42,9,6,9,-29,19,17,17,3,51
東証PRM,6814,古野電気(株),電気機器,7160,2.23,15,2,-3,-2,3,17,10,9,51
東証PRM,5122,オカモト(株),ゴム製品,5740,2.09,9,-6,-9,3,9,9,15,21,51
東証GRT,7343,ブロードマインド(株),保険業,1213,5.36,21,-4,-3,0,13,2,18,3,50
東証PRM,7856,萩原工業(株),その他製品,1667,4.5,9,-2,3,-9,19,7,20,3,50
東証STD,3242,(株)アーバネットコーポレーション,不動産業,553,3.98,15,6,15,-33,15,27,-10,15,50
東証STD,2311,(株)エプコ,サービス業,832,3.85,21,2,9,-8,11,-15,27,3,50
東証PRM,2462,ライク(株),サービス業,1583,3.79,21,-2,-3,3,7,21,-6,9,50
東証STD,8046,丸藤シートパイル(株),卸売業,957,3.76,3,-26,21,-3,11,13,16,15,50
東証STD,7636,(株)ハンズマン,小売業,804,3.73,9,-2,3,3,13,7,20,-3,50
東証PRM,9837,モリト(株),卸売業,1974,3.65,15,-6,9,3,9,-9,20,9,50
東証STD,7134,(株)アップガレージグループ,小売業,1036,3.52,18,2,6,-3,6,6,9,6,50
東証STD,4284,(株)ソルクシーズ,情報・通信,470,2.98,9,-6,9,-1,15,7,14,3,50
東証STD,5282,ジオスター(株),ガラス・土石製品,411,2.92,9,2,-3,-2,1,17,17,9,50
東証STD,5941,(株)中西製作所,金属製品,2522,2.85,15,-2,-3,-2,9,13,17,3,50
東証STD,7444,ハリマ共和物産(株),卸売業,1999,2.75,21,-34,3,3,19,9,20,9,50
東証STD,6090,ヒューマン・メタボローム・テクノロジーズ(株),サービス業,696,2.59,21,36,-22,-23,4,1,24,9,50
東証PRM,9513,Ｊ－ＰＯＷＥＲ,電気・ガス業,3883,2.58,9,2,3,3,13,15,-10,15,50
東証STD,4735,(株)京進,サービス業,326,2.4,21,-4,-1,9,9,11,-10,15,50
東証PRM,4536,参天製薬(株),医薬品,1650.5,2.3,15,2,-8,-3,15,6,20,3,50
東証STD,6342,(株)太平製作所,機械,2759,2.17,3,6,9,-17,17,9,14,9,50
東証PRM,6999,ＫＯＡ(株),電気機器,1824,2.14,3,-2,3,9,7,1,20,9,50
東証GRT,2438,(株)アスカネット,サービス業,346,2.02,21,-6,-8,-3,3,10,30,3,50
東証STD,5576,(株)オービーシステム,情報・通信,2777,4.5,15,2,3,0,11,0,15,3,49
東証PRM,8511,日本証券金融(株),その他金融業,2173,3.96,15,32,9,-12,13,-7,-10,9,49
東証PRM,9991,ジェコス(株),卸売業,1717,3.79,15,-6,3,-3,15,11,11,3,49
東証STD,7217,(株)テイン,輸送用機器,426,3.76,3,-2,3,9,7,11,15,3,49
東証PRM,4008,住友精化(株),化学,1207,3.65,9,-2,3,3,7,9,17,3,49
東証STD,5078,(株)セレコーポレーション,建設業,5000,3.2,6,6,6,-19,14,9,15,12,49
東証PRM,3843,フリービット(株),情報・通信,1431,2.87,21,2,-18,9,13,3,-8,27,49
東証GRT,2173,(株)博展,サービス業,950,2.84,18,4,1,2,16,7,-5,6,49
東証STD,3583,オーベクス(株),繊維製品,1322,2.65,3,24,-9,3,1,11,13,3,49
東証PRM,1968,太平電業(株),建設業,2986,2.34,3,2,9,-23,15,17,17,9,49
東証PRM,5331,ノリタケ(株),ガラス・土石製品,3445,2.32,3,-2,3,-8,15,17,18,3,49
東証PRM,1812,鹿島,建設業,6499,2.03,21,-2,9,-8,19,13,-6,3,49
東証PRM,8584,(株)ジャックス,その他金融業,4115,4.86,21,28,9,-53,13,25,-10,15,48
東証STD,3177,(株)ありがとうサービス,小売業,3595,3.76,9,2,3,9,11,11,6,-3,48
東証PRM,7447,ナガイレーベン(株),卸売業,1705,3.52,3,20,-3,3,11,-7,30,-9,48
東証STD,1799,第一建設工業(株),建設業,3735,3.48,3,-2,3,-1,17,1,30,-3,48
東証PRM,6902,(株)デンソー,輸送用機器,1846.5,3.47,15,2,9,-3,17,-6,17,-3,48
東証STD,2588,(株)プレミアムウォーターホールディングス,食料品,3440,3.2,15,6,-12,15,9,-2,-10,27,48
東証STD,3892,(株)岡山製紙,パルプ・紙,1660,3.01,15,-2,-3,-7,17,-1,20,9,48
東証PRM,6571,キュービーネットホールディングス(株),サービス業,1355,2.95,15,-2,3,9,12,-2,-2,15,48
東証PRM,7347,(株)マーキュリアホールディングス,証券業,784,2.81,3,28,-3,-5,7,-2,14,6,48
東証STD,7196,(株)Ｃａｓａ,その他金融業,740,2.7,18,0,6,-6,10,5,9,6,48
東証STD,4829,日本エンタープライズ(株),情報・通信,112,2.68,-3,6,3,-3,5,-5,30,15,48
東証PRM,9069,センコーグループホールディングス(株),陸運業,1868,2.68,21,-42,15,21,15,25,-10,3,48
東証PRM,1979,(株)大気社,建設業,3570,2.63,-3,10,9,-13,21,17,10,-3,48
東証PRM,9534,北海道ガス(株),電気・ガス業,917,2.51,3,6,15,-3,17,13,-6,3,48
東証PRM,7867,(株)タカラトミー,その他製品,2615,2.45,9,6,4,-3,17,4,8,3,48
東証STD,8772,(株)アサックス,その他金融業,817,2.45,3,36,15,-33,9,5,10,3,48
東証STD,3675,(株)クロス・マーケティンググループ,情報・通信,625,2.4,15,-2,-7,3,17,7,0,15,48
東証STD,5983,イワブチ(株),金属製品,12840,2.34,9,-6,-3,-3,11,11,26,3,48
東証PRM,6103,オークマ(株),機械,4450,2.25,3,2,3,-9,17,15,20,-3,48
東証PRM,6807,日本航空電子工業(株),電気機器,2458,2.03,-3,-6,3,9,17,13,18,-3,48
東証PRM,7226,極東開発工業(株),輸送用機器,2720,5.15,15,-2,-3,-7,19,-3,19,9,47
東証STD,7367,(株)セルム,サービス業,322,4.66,12,30,0,0,6,-9,5,3,47
東証STD,6675,サクサ(株),電気機器,2210,4.6,3,2,3,-14,15,15,14,9,47
東証GRT,3970,(株)イノベーション,情報・通信,902,4.43,15,-2,-3,-1,7,-2,18,15,47
東証PRM,8410,(株)セブン銀行,銀行業,266.4,4.13,21,0,3,-2,13,7,-10,15,47
東証PRM,4526,理研ビタミン(株),食料品,2752,4,3,2,-2,-3,19,10,15,3,47
東証PRM,9201,日本航空(株),空運業,2465.5,3.89,9,-2,-2,-1,4,16,2,21,47
東証STD,8029,(株)ルックホールディングス,繊維製品,2608,3.83,0,0,-9,9,13,9,16,9,47
東証STD,7841,(株)遠藤製作所,その他製品,1097,3.65,3,-6,-13,3,11,11,29,9,47
東証STD,7673,ダイコー通産(株),卸売業,1844,3.42,3,-4,9,-5,17,22,8,-3,47
東証STD,4404,ミヨシ油脂(株),食料品,2144,3.26,3,-2,4,-8,15,10,10,15,47
東証STD,7354,(株)ダイレクトマーケティングミックス,サービス業,303,3.14,3,6,7,15,3,0,1,12,47
東証STD,6538,(株)ディスラプターズ,サービス業,237,2.95,9,2,-2,-2,5,4,22,9,47
東証PRM,7972,(株)イトーキ,その他製品,3290,2.74,15,2,-1,-2,13,13,10,-3,47
東証PRM,2587,サントリービバレッジ＆フード(株),食料品,4496,2.67,15,-6,3,-3,13,12,10,3,47
東証STD,3768,リスクモンスター(株),情報・通信,602,2.66,9,2,-2,-3,19,2,29,-9,47
東証PRM,9948,(株)アークス,小売業,3435,2.39,9,-42,-9,9,19,15,19,27,47
東証GRT,7793,(株)イメージ・マジック,その他製品,1635,2.14,15,0,3,12,3,3,2,9,47
東証STD,1844,(株)大盛工業,建設業,551,2.09,9,10,9,-22,13,15,10,3,47
東証PRM,4611,大日本塗料(株),化学,1244,4.66,-3,-2,9,-3,15,11,10,9,46
東証PRM,4613,関西ペイント(株),化学,2375.5,4.63,15,-2,-3,9,17,5,8,-3,46
東証PRM,4914,高砂香料工業(株),化学,1175,4.43,15,-6,-3,-3,11,13,10,9,46
東証STD,5285,(株)ヤマックス,ガラス・土石製品,1490,4.43,9,2,3,-3,11,11,-8,21,46
東証PRM,9110,ＮＳユナイテッド海運(株),海運業,6960,3.81,3,-2,3,3,7,19,-2,15,46
東証PRM,4617,中国塗料(株),化学,3260,3.4,9,2,-7,5,17,1,10,9,46
東証PRM,7637,白銅(株),卸売業,2355,3.4,9,-2,-3,3,3,23,10,3,46
東証PRM,8037,カメイ(株),卸売業,3180,3.3,15,-42,9,9,21,5,8,21,46
東証PRM,6282,オイレス工業(株),機械,2592,3.28,3,-6,3,-3,11,7,22,9,46
東証PRM,7245,大同メタル工業(株),輸送用機器,881,3.18,15,2,-2,9,11,12,-10,9,46
東証PRM,3950,ザ・パック(株),パルプ・紙,1333,3.15,15,-6,-3,-9,17,15,20,-3,46
東証PRM,9007,小田急電鉄(株),陸運業,1604,3.12,15,2,3,9,19,11,-10,-3,46
東証STD,6096,(株)レアジョブ,サービス業,315,2.54,15,6,4,4,3,3,2,9,46
東証STD,7131,のむら産業(株),卸売業,3825,2.51,15,4,3,1,6,5,-3,15,46
東証STD,6325,(株)タカキタ,機械,404,2.48,3,-2,3,-8,9,9,23,9,46
東証GRT,2981,(株)ランディックス,不動産業,2190,2.15,15,-2,15,-17,15,6,8,6,46
東証PRM,7278,(株)エクセディ,輸送用機器,6130,5.71,3,-2,-8,-9,15,6,19,21,45
東証PRM,5445,東京鐵鋼(株),鉄鋼,1834,5.45,9,6,-1,-2,9,7,20,-3,45
東証STD,5187,クリエートメディック(株),精密機器,1195,3.93,15,6,-3,3,13,-7,21,-3,45
東証STD,7058,共栄セキュリティーサービス(株),サービス業,3050,3.93,21,-4,-8,-5,0,6,20,15,45
東証PRM,2676,高千穂交易(株),卸売業,2011,3.73,15,6,3,4,13,-19,20,3,45
東証PRM,3289,東急不動産ホールディングス(株),不動産業,1343.5,3.31,15,-2,9,-8,21,17,-10,3,45
東証PRM,4568,第一三共(株),医薬品,2650.5,2.94,9,6,15,-15,13,-1,15,3,45
東証STD,6853,(株)共和電業,電気機器,758,2.77,9,-2,9,-14,11,9,20,3,45
東証STD,6150,タケダ機械(株),機械,3070,2.61,9,2,9,-18,15,9,16,3,45
東証STD,4673,川崎地質(株),サービス業,5550,2.16,15,2,9,-18,9,15,10,3,45
東証PRM,1515,日鉄鉱業(株),鉱業,2567,2.08,9,-10,3,9,7,11,13,3,45
東証PRM,7267,ホンダ,輸送用機器,1293.5,5.41,9,-6,-3,3,13,3,4,21,44
東証STD,3293,アズマハウス(株),不動産業,772,4.53,9,-2,-3,3,5,25,10,-3,44
東証STD,6291,日本エアーテック(株),機械,1238,4.44,15,2,3,-7,11,3,20,-3,44
東証STD,9686,東洋テック(株),サービス業,1537,4.23,21,-38,15,3,15,1,18,9,44
東証STD,3386,コスモ・バイオ(株),卸売業,1272,3.93,9,2,-3,-3,3,13,20,3,44
東証PRM,6183,(株)ベルシステム２４ホールディングス,サービス業,1534,3.91,9,2,3,10,13,12,-8,3,44
東証PRM,9619,(株)イチネンホールディングス,サービス業,2159,3.71,21,-6,9,3,19,11,-10,-3,44
東証PRM,6995,(株)東海理化,輸送用機器,2887,3.64,3,-2,-2,3,11,0,16,15,44
東証PRM,4272,日本化薬(株),化学,1748,3.43,15,-6,-15,3,11,7,20,9,44
東証PRM,6104,芝浦機械(株),機械,4265,3.28,9,-2,3,-8,11,17,11,3,44
東証PRM,1379,ホクト(株),水産・農林業,1840,2.99,21,2,-2,-3,5,-10,10,21,44
東証PRM,9081,神奈川中央交通(株),陸運業,3390,2.65,9,-2,3,3,15,11,-10,15,44
東証PRM,6516,山洋電気(株),電気機器,7020,2.42,-9,-2,-3,3,13,9,18,15,44
東証GRT,2986,(株)ＬＡホールディングス,不動産業,9130,5.7,9,28,3,-28,9,13,-6,15,43
東証PRM,9990,(株)サックスバー　ホールディングス,小売業,740,4.73,3,-2,-8,-2,13,16,20,3,43
東証STD,6625,ＪＡＬＣＯホールディングス(株),不動産業,387,4.65,9,36,9,-17,7,0,-4,3,43
東証GRT,296A,令和アカウンティング・ホールディングス(株),サービス業,747,4.42,9,0,9,6,9,0,7,3,43
東証STD,3023,ラサ商事(株),卸売業,1826,3.94,-15,10,15,-8,19,5,14,3,43
東証STD,2464,(株)Ａｏｂａ－ＢＢＴ,サービス業,342,3.22,21,2,3,-2,9,-3,16,-3,43
東証PRM,4676,(株)フジ・メディア・ホールディングス,情報・通信,3879,3.22,3,-2,-8,9,9,18,11,3,43
東証PRM,5957,日東精工(株),金属製品,773,3.1,15,-10,-3,3,11,17,13,-3,43
東証STD,6378,木村化工機(株),機械,1331,3.08,3,2,3,-12,11,15,6,15,43
東証PRM,4452,花王(株),化学,5997,2.6,3,6,3,-3,21,0,10,3,43
名証,3504,(株)丸八ホールディングス,,1167,2.57,-15,20,-9,3,7,7,21,9,43
東証PRM,3086,Ｊ．フロント　リテイリング(株),小売業,2345,2.39,9,6,9,-3,19,8,-8,3,43
東証STD,4707,(株)キタック,サービス業,328,2.13,21,-2,9,-2,7,5,8,-3,43
東証PRM,9020,東日本旅客鉄道(株),陸運業,3451,2.03,15,2,10,-2,17,14,-10,-3,43
東証STD,9083,神姫バス(株),陸運業,1978,2.02,15,-2,-3,-8,15,9,20,-3,43
東証STD,8996,(株)ハウスフリーダム,不動産業,1024,5.37,9,10,9,-17,17,15,-10,9,42
東証STD,2993,(株)長栄,不動産業,2422,5.16,18,28,-6,-3,2,6,-9,6,42
東証PRM,9622,(株)スペース,サービス業,1523,4.73,9,2,3,-14,13,-1,27,3,42
東証PRM,7283,愛三工業(株),輸送用機器,1755,4.56,9,-2,4,-3,3,18,10,3,42
東証STD,2329,(株)東北新社,情報・通信,603,4.49,-15,-6,4,3,11,8,22,15,42
東証PRM,7246,プレス工業(株),輸送用機器,793,4.41,3,-6,-3,3,13,13,10,9,42
東証STD,4248,竹本容器(株),化学,883,4.3,-3,6,3,-3,15,1,14,9,42
東証PRM,6652,ＩＤＥＣ(株),電気機器,3320,3.92,-3,-2,-3,9,13,3,10,15,42
東証STD,6870,日本フェンオール(株),電気機器,1999,3.9,-9,2,9,-9,19,7,20,3,42
東証STD,7781,(株)平山ホールディングス,精密機器,1396,3.8,21,-34,15,-1,13,13,0,15,42
東証STD,9360,鈴与シンワート(株),情報・通信,2942,3.74,21,2,9,-3,13,7,-10,3,42
東証STD,7264,(株)ムロコーポレーション,輸送用機器,1270,3.62,15,-6,-9,-3,15,7,20,3,42
東証PRM,8174,日本瓦斯(株),小売業,2897.5,3.55,9,2,9,3,19,-7,10,-3,42
東証STD,6493,(株)ＮＩＴＴＡＮ,輸送用機器,609,3.28,15,-2,-2,-3,3,8,8,15,42
東証PRM,5463,丸一鋼管(株),鉄鋼,1481,3.03,-3,-6,-3,-3,7,13,28,9,42
東証PRM,9507,四国電力(株),電気・ガス業,1678,2.98,9,6,-1,-9,9,17,-10,21,42
東証STD,6144,西部電機(株),機械,2871,2.93,9,2,3,-14,9,19,17,-3,42
東証PRM,8766,東京海上ホールディングス(株),保険業,7238,2.92,21,0,9,9,15,7,-10,-9,42
東証PRM,6332,月島ホールディングス(株),機械,3235,2.63,15,6,3,-7,13,5,10,-3,42
東証STD,3172,ティーライフ(株),小売業,1154,2.6,3,-10,3,3,-1,15,20,9,42
東証PRM,7874,レック(株),化学,1043,2.59,21,2,3,-3,9,-1,8,3,42
東証STD,6424,(株)高見沢サイバネティックス,機械,905,2.54,15,6,4,3,15,0,-10,9,42
東証STD,6137,小池酸素工業(株),機械,1899,2.53,9,-2,3,-9,9,7,10,15,42
東証STD,6864,(株)エヌエフホールディングス,電気機器,1375,2.47,-3,-2,-3,-7,9,15,18,15,42
東証PRM,5946,(株)長府製作所,金属製品,2012,2.29,-9,2,-3,3,11,11,30,-3,42
東証STD,2418,(株)ツカダ・グローバルホールディング,サービス業,623,2.25,15,10,4,-1,12,7,-8,3,42
東証STD,9514,(株)エフオン,電気・ガス業,372,2.15,21,-2,-3,-3,11,9,0,9,42
東証PRM,8001,伊藤忠商事(株),卸売業,1958.5,2.14,9,0,15,9,21,7,-10,-9,42
東証PRM,3431,宮地エンジニアリンググループ(株),金属製品,1663,5.86,15,6,-3,-12,15,11,6,3,41
東証STD,1826,佐田建設(株),建設業,1036,5.79,3,2,-3,-8,11,5,10,21,41
東証PRM,4023,(株)クレハ,化学,3945,5.55,-3,-2,9,3,9,4,18,3,41
東証GRT,2497,ユナイテッド(株),サービス業,510,4.51,-3,24,-9,3,1,-1,23,3,41
東証PRM,4205,日本ゼオン(株),化学,1833,3.93,3,-2,3,-3,21,5,17,-3,41
東証STD,3953,大村紙業(株),パルプ・紙,778,3.86,15,-2,-8,-8,7,14,20,3,41
東証PRM,8098,稲畑産業(株),卸売業,3905,3.28,15,-38,3,-2,19,13,10,21,41
東証STD,5280,ヨシコン(株),不動産業,2535,3.16,3,-2,3,-10,21,15,14,-3,41
東証PRM,2915,ケンコーマヨネーズ(株),食料品,2134,3.14,21,2,-3,-3,11,1,11,1,41
東証STD,6654,不二電機工業(株),電気機器,1090,2.94,12,-4,0,6,4,-10,27,6,41
東証PRM,8354,(株)ふくおかフィナンシャルグループ,銀行業,6603,2.73,15,0,4,-6,14,9,-10,15,41
東証PRM,9023,東京地下鉄(株),陸運業,1584.5,2.65,15,-2,4,3,15,5,-2,3,41
東証STD,1407,(株)ウエストホールディングス,建設業,2756,2.54,-3,32,9,-12,11,17,-10,-3,41
東証STD,6400,不二精機(株),機械,276,2.54,9,-2,3,3,11,12,-10,15,41
東証PRM,9842,アークランズ(株),小売業,1808,2.21,3,6,-3,3,9,9,5,9,41
東証STD,7975,(株)リヒトラブ,その他製品,1154,2.17,12,4,-9,-10,4,9,19,12,41
東証PRM,3657,ポールトゥウィンホールディングス(株),情報・通信,306,5.23,18,0,-16,0,14,6,18,0,40
東証PRM,2914,ＪＴ,食料品,5779,4.19,3,20,-9,9,17,-19,10,9,40
東証STD,5695,パウダーテック(株),鉄鋼,2551,3.92,-3,-2,3,-3,15,3,24,3,40
東証STD,483A,テラテクノロジー(株),情報・通信,2093,3.87,9,2,9,3,3,0,8,6,40
東証PRM,6763,帝国通信工業(株),電気機器,2761,3.62,-3,2,-2,-9,15,4,30,3,40
東証STD,7782,(株)シンシア,精密機器,450,3.56,3,2,9,-12,3,16,16,3,40
東証STD,9312,ケイヒン(株),倉庫・運輸関連業,2950,3.39,3,2,9,3,11,5,4,3,40
東証PRM,7840,フランスベッドホールディングス(株),その他製品,1313,3.12,9,2,3,-3,15,-5,16,3,40
東証PRM,9045,京阪ホールディングス(株),陸運業,3306,2.93,15,6,9,3,15,5,-10,-3,40
東証PRM,9869,加藤産業(株),卸売業,6020,2.66,21,-30,15,-3,21,11,-10,15,40
東証PRM,7282,豊田合成(株),輸送用機器,4566,2.41,3,-10,-3,3,11,23,10,3,40
東証PRM,4901,富士フイルムホールディングス(株),化学,2932.5,2.39,3,0,15,3,21,7,6,-15,40
東証STD,4243,(株)ニックス,化学,859,2.33,3,-2,-2,3,-3,6,20,15,40
東証PRM,6925,ウシオ電機(株),電気機器,3090,2.27,-3,-6,-3,9,7,7,20,9,40
東証GRT,7351,(株)グッドパッチ,サービス業,452,2.21,21,2,-6,-7,0,0,18,12,40
東証STD,7305,新家工業(株),鉄鋼,2499,6,3,-2,3,3,17,1,11,3,39
東証PRM,3393,スターティアホールディングス(株),卸売業,2773,4.87,15,10,3,-7,11,-1,11,-3,39
東証PRM,6339,新東工業(株),機械,989,4.45,15,-46,3,3,19,13,17,15,39
東証STD,9466,(株)アイドママーケティングコミュニケーション,情報・通信,234,4.27,-3,2,4,-9,13,9,20,3,39
東証STD,7570,橋本総業ホールディングス(株),卸売業,1259,3.97,21,-34,21,-2,21,11,-8,9,39
東証STD,7472,(株)鳥羽洋行,卸売業,3815,3.93,-3,-2,3,-2,9,11,20,3,39
東証PRM,6167,冨士ダイス(株),機械,1020,3.92,3,-2,3,-3,15,-1,21,3,39
東証PRM,8725,ＭＳ＆ＡＤインシュアランスグループホールディングス(株),保険業,4019,3.86,21,0,3,-14,21,9,-10,9,39
東証STD,8844,(株)コスモスイニシア,不動産業,1145,3.84,21,14,9,-37,19,8,-10,15,39
東証STD,3161,アゼアス(株),卸売業,633,3.63,-3,6,15,-23,15,11,21,-3,39
東証STD,3670,協立情報通信(株),情報・通信,1811,3.59,-9,6,3,-14,9,19,16,9,39
東証STD,9780,(株)ハリマビステム,サービス業,953,3.15,21,-34,9,-2,13,11,12,9,39
東証PRM,368A,(株)北里コーポレーション,精密機器,1306,3.14,9,0,3,0,3,0,15,9,39
東証PRM,6118,アイダエンジニアリング(株),機械,1193,3.1,9,-2,-3,-2,9,5,20,3,39
東証STD,5658,日亜鋼業(株),鉄鋼,378,2.65,9,6,-3,-8,5,7,20,3,39
東証PRM,7762,シチズン時計(株),精密機器,1819,2.58,9,-6,4,-3,7,10,15,3,39
東証STD,3495,香陵住販(株),不動産業,2414,2.53,21,-2,15,-22,19,9,-10,9,39
東証PRM,4182,三菱ガス化学(株),化学,4401,2.27,3,-2,3,3,15,5,15,-3,39
東証PRM,6143,(株)ソディック,機械,1560,2.24,3,2,-2,-14,15,10,10,15,39
東証GRT,5888,ＤＡＩＷＡ　ＣＹＣＬＥ(株),小売業,3345,2.18,9,4,3,4,6,0,10,3,39
東証PRM,5185,(株)フコク,ゴム製品,1777,4.78,9,-6,-7,3,13,7,10,9,38
東証PRM,4221,大倉工業(株),化学,4725,4.66,0,0,3,0,13,3,13,6,38
東証STD,7863,(株)平賀,その他製品,981,4.08,3,-6,3,9,9,9,8,3,38
東証STD,6125,(株)岡本工作機械製作所,機械,4175,3.83,3,2,9,-8,13,9,1,9,38
東証STD,6835,アライドテレシスホールディングス(株),電気機器,264,3.41,9,6,-3,5,6,6,-6,15,38
東証PRM,4212,積水樹脂(株),化学,2132,3.38,-3,2,-3,-9,21,1,20,9,38
東証PRM,8439,東京センチュリー(株),その他金融業,2180,3.3,21,6,15,-21,19,11,-10,-3,38
東証PRM,7888,三光合成(株),化学,860,3.26,3,6,-2,-3,13,6,-6,21,38
東証STD,7087,(株)ウイルテック,サービス業,1289,3.1,21,-38,9,-3,17,11,9,12,38
東証PRM,4634,ａｒｔｉｅｎｃｅ(株),化学,3900,3.08,-3,6,-3,3,15,1,10,9,38
東証PRM,7203,トヨタ自動車(株),輸送用機器,3112,3.05,9,-6,-3,-3,9,21,-10,21,38
東証GRT,173A,(株)ハンモック,情報・通信,1426,2.81,12,36,-6,-8,3,0,-5,6,38
東証PRM,9715,トランスコスモス(株),サービス業,3910,2.76,15,-6,-8,3,-3,18,10,9,38
東証PRM,1941,(株)中電工,建設業,4815,2.7,15,-2,-14,3,13,-4,24,3,38
東証STD,3513,イチカワ(株),繊維製品,3365,2.67,3,-2,9,3,11,-15,20,9,38
東証PRM,3034,クオールホールディングス(株),小売業,1786,2.58,15,-6,9,-3,9,9,2,3,38
東証STD,7643,(株)ダイイチ,小売業,1689,2.37,21,-42,3,-9,21,11,18,15,38
東証PRM,7276,(株)小糸製作所,電気機器,2546,2.2,3,2,3,-9,9,3,18,9,38
東証PRM,4051,ＧＭＯフィナンシャルゲート(株),情報・通信,5830,2.14,15,2,15,-12,9,-2,11,0,38
東証PRM,3245,(株)ディア・ライフ,不動産業,1047,6.11,9,-2,-3,-12,3,19,8,15,37
東証GRT,9219,(株)ギックス,サービス業,915,5.85,24,2,-4,-18,3,2,22,6,37
東証STD,8291,日産東京販売ホールディングス(株),小売業,523,5.16,3,-2,3,3,9,7,11,3,37
東証PRM,8130,(株)サンゲツ,卸売業,3010,5.15,21,-2,-3,-3,21,-9,15,-3,37
東証STD,3633,ＧＭＯペパボ(株),情報・通信,1897,4.9,21,6,4,-2,9,0,-10,9,37
東証PRM,1870,矢作建設工業(株),建設業,2190,4.57,15,-2,3,-18,19,13,10,-3,37
東証GRT,3300,(株)アンビション　ＤＸ　ホールディングス,不動産業,2421,4.54,15,2,15,-18,13,11,-10,9,37
東証STD,3375,(株)ＺＯＡ,小売業,1738,4.32,9,-2,9,-12,11,11,8,3,37
東証PRM,3031,(株)ラクーンホールディングス,情報・通信,653,4.13,21,2,15,-8,7,-1,-8,9,37
東証PRM,8803,平和不動産(株),不動産業,2441,3.97,-3,36,15,-14,19,-3,-10,-3,37
東証PRM,1871,ピーエス・コンストラクション(株),建設業,2754,3.96,3,6,9,-18,15,17,2,3,37
東証PRM,3252,地主(株),不動産業,3380,3.85,9,20,9,-26,9,9,-8,15,37
東証PRM,4784,ＧＭＯインターネット(株),サービス業,602,3.57,3,-2,-1,4,21,1,8,3,37
東証PRM,1975,(株)朝日工業社,建設業,3820,3.53,21,2,9,-18,7,13,0,3,37
東証STD,6149,(株)小田原エンジニアリング,機械,1996,3.51,3,2,3,-13,7,11,15,9,37
東証PRM,5105,ＴＯＹＯ　ＴＩＲＥ(株),ゴム製品,3855,3.5,3,-2,-2,-3,13,12,7,9,37
東証STD,9888,(株)ＵＥＸ,卸売業,715,3.08,3,-2,3,-8,3,27,-10,21,37
東証PRM,2685,(株)アンドエスティＨＤ,小売業,3040,2.96,9,2,9,-9,11,13,11,-9,37
東証STD,3361,(株)トーエル,小売業,852,2.7,3,-2,-3,-3,9,11,19,3,37
東証PRM,6526,(株)ソシオネクスト,電気機器,2009.5,2.49,-3,2,9,6,0,0,14,9,37
東証STD,146A,コロンビア・ワークス(株),不動産業,3790,2.48,15,24,9,-25,12,0,-7,9,37
東証PRM,7172,(株)ジャパンインベストメントアドバイザー,証券業,2008,5.38,21,6,3,-25,19,5,-8,15,36
東証PRM,7261,マツダ(株),輸送用機器,1038.5,5.3,9,-2,-3,-3,9,9,8,9,36
東証PRM,6358,酒井重工業(株),機械,2049,5.12,-3,-2,3,-2,11,3,17,9,36
東証STD,6292,(株)カワタ,機械,789,4.82,3,-2,-3,-13,15,13,8,15,36
東証STD,3538,(株)ウイルプラスホールディングス,小売業,992,4.64,21,-10,3,-18,15,8,2,15,36
東証PRM,7272,ヤマハ発動機(株),輸送用機器,1093.5,4.57,3,-6,-15,3,7,21,8,15,36
東証STD,3440,日創グループ(株),金属製品,941,4.46,15,-2,3,-18,7,11,17,3,36
東証PRM,9880,イノテック(株),電気機器,2814,4.44,9,-2,-9,-3,15,9,14,3,36
東証PRM,6463,ＴＰＲ(株),機械,1243,4.18,9,-10,-3,-3,19,5,10,9,36
東証STD,4492,(株)ゼネテック,情報・通信,469,4.16,21,2,4,-18,7,3,5,12,36
東証GRT,9346,(株)ココルポート,サービス業,1669,3.65,12,2,3,13,0,4,2,0,36
東証PRM,3465,ケイアイスター不動産(株),不動産業,3285,3.58,21,-2,9,-27,-3,21,-10,27,36
東証PRM,9143,ＳＧホールディングス(株),陸運業,1479,3.58,3,-2,9,-3,14,8,10,-3,36
東証STD,6497,(株)ハマイ,機械,1349,3.34,9,-2,-9,3,7,11,20,-3,36
東証PRM,8309,三井住友トラストグループ(株),銀行業,5316,3.2,21,0,3,-19,17,15,-10,9,36
東証PRM,2433,(株)博報堂ＤＹホールディングス,サービス業,1066,3,9,2,-9,3,15,5,-4,15,36
東証PRM,2908,フジッコ(株),食料品,1545,2.98,15,-6,-9,-3,17,-5,30,-3,36
東証STD,2179,(株)成学社,サービス業,769,2.86,21,-2,3,-9,15,7,-8,9,36
東証STD,9890,(株)マキヤ,小売業,1192,2.52,21,-42,3,9,11,9,10,15,36
東証GRT,9345,ビズメイツ(株),サービス業,611,2.45,15,-4,6,0,1,2,1,15,36
東証PRM,8053,住友商事(株),卸売業,5801,2.41,9,-2,9,3,19,13,-6,-9,36
東証STD,6338,(株)タカトリ,機械,1699,2.35,-9,32,-2,-24,3,12,15,9,36
東証PRM,9003,相鉄ホールディングス(株),陸運業,2781.5,2.34,9,2,15,9,11,15,-10,-15,36
東証GRT,369A,(株)エータイ,サービス業,2529,2.14,9,4,3,0,3,0,14,3,36
東証GRT,4054,日本情報クリエイト(株),情報・通信,570,2.11,21,2,4,3,3,-5,14,-6,36
東証PRM,8411,(株)みずほフィナンシャルグループ,銀行業,6936,2.09,21,0,3,-13,10,16,-10,9,36
東証STD,5250,ＧＭＯプライム・ストラテジー(株),情報・通信,1065,2.07,6,24,-16,-3,6,1,6,12,36
東証PRM,5451,(株)ヨドコウ,鉄鋼,1345,6.62,-3,2,-2,-8,13,10,20,3,35
東証STD,5161,西川ゴム工業(株),ゴム製品,3235,5.63,15,-2,-8,-3,9,2,13,9,35
東証STD,3948,光ビジネスフォーム(株),パルプ・紙,1196,4.18,-9,-2,-8,15,7,0,23,9,35
東証PRM,4028,石原産業(株),化学,3035,3.95,3,2,-3,-1,12,11,8,3,35
東証PRM,5911,(株)横河ブリッジホールディングス,金属製品,3045,3.94,3,6,9,-23,19,13,11,-3,35
東証STD,5816,オーナンバ(株),非鉄金属,1920,3.65,-9,2,4,-3,9,16,13,3,35
東証GRT,7061,日本ホスピスホールディングス(株),サービス業,745,3.36,18,0,-5,12,3,4,-9,12,35
東証GRT,9259,(株)タカヨシホールディングス,サービス業,907,3.31,9,26,-7,6,0,0,-8,9,35
東証STD,3799,キーウェアソリューションズ(株),情報・通信,1093,3.11,15,-30,15,-12,15,11,18,3,35
東証PRM,2337,いちご(株),不動産業,507,3.06,15,32,9,-24,19,-3,-10,-3,35
東証STD,3143,オーウイル(株),卸売業,733,3,21,-34,21,-12,17,17,-10,15,35
東証PRM,7189,(株)西日本フィナンシャルホールディングス,銀行業,4059,2.91,6,0,0,-4,14,16,-9,12,35
東証PRM,6966,(株)三井ハイテック,電気機器,667,2.85,18,-12,-11,0,4,5,13,18,35
東証STD,8198,マックスバリュ東海(株),小売業,3430,2.48,15,-38,3,-3,15,11,17,15,35
東証STD,3826,(株)システムインテグレータ,情報・通信,456,2.41,3,-2,-3,-8,-3,23,16,9,35
東証STD,7177,ＧＭＯフィナンシャルホールディングス(株),証券業,1048,5.23,12,22,3,-15,3,0,-9,18,34
東証STD,6393,油研工業(株),機械,2991,5.02,3,-2,-3,-3,11,9,10,9,34
東証STD,3766,システムズ・デザイン(株),情報・通信,1227,4.48,15,-6,-14,-8,11,13,20,3,34
東証PRM,3946,(株)トーモク,パルプ・紙,3485,3.73,15,-38,9,9,13,9,2,15,34
東証PRM,1911,住友林業(株),建設業,1440.5,3.47,15,-2,-3,3,11,11,-4,3,34
東証STD,9441,(株)ベルパーク,情報・通信,3050,3.34,9,-34,9,-2,21,13,15,3,34
東証STD,7539,(株)アイナボホールディングス,卸売業,795,3.27,15,-38,-3,3,9,21,12,15,34
東証PRM,8273,(株)イズミ,小売業,954,3.14,15,-2,-15,3,19,13,4,-3,34
東証PRM,6289,(株)技研製作所,機械,1808,2.99,3,2,3,-9,9,1,22,3,34
東証STD,6932,(株)遠藤照明,電気機器,2822,2.98,3,-2,4,3,9,2,6,9,34
東証PRM,5301,東海カーボン(株),ガラス・土石製品,1052,2.85,3,-2,-7,3,7,9,12,9,34
東証STD,9074,日本石油輸送(株),陸運業,5120,2.73,15,-42,9,3,7,13,14,15,34
東証PRM,3360,シップヘルスケアホールディングス(株),卸売業,2354,2.55,21,-46,15,-3,21,27,-10,9,34
東証PRM,8331,(株)千葉銀行,銀行業,2194,2.37,15,0,3,-13,19,11,-10,9,34
東証STD,5951,ダイニチ工業(株),金属製品,1020,2.16,3,2,3,-7,7,-1,30,-3,34
東証GRT,189A,(株)Ｄ＆Ｍカンパニー,サービス業,930,2.15,12,28,6,-12,6,0,-6,0,34
東証STD,6570,(株)共和コーポレーション,サービス業,1235,2.02,15,6,9,-3,13,1,-10,3,34
東証STD,9904,(株)ベリテ,小売業,393,5.34,3,36,3,-3,0,-20,17,-3,33
東証PRM,1429,(株)日本アクア,建設業,697,5.02,21,-6,9,-24,21,7,8,-3,33
東証STD,7561,(株)ハークスレイ,小売業,645,4.34,-3,6,3,-14,13,21,4,3,33
東証PRM,6430,ダイコク電機(株),機械,2358,4.24,3,6,4,-14,7,-2,20,9,33
東証PRM,5110,住友ゴム工業(株),ゴム製品,2040.5,4.12,3,-2,3,3,7,6,10,3,33
東証STD,3352,(株)バッファロー,小売業,1639,3.97,15,-34,-8,9,15,1,20,15,33
東証PRM,7504,(株)高速,卸売業,2948,3.93,21,-42,9,-3,21,15,15,-3,33
東証STD,3895,ハビックス(株),パルプ・紙,411,3.89,15,-2,-2,-3,13,4,11,-3,33
東証GRT,7361,(株)ヒューマンクリエイションホールディングス,サービス業,1206,3.65,18,-4,6,6,6,-4,-4,9,33
東証STD,6074,(株)ジェイエスエス,サービス業,567,3.53,15,-6,-3,-8,15,7,-2,15,33
名証,1869,名工建設(株),,1773,3.05,3,-2,3,-18,19,5,14,9,33
東証PRM,7951,ヤマハ(株),その他製品,1137,2.29,3,-2,-3,-2,19,1,20,-3,33
東証PRM,9042,阪急阪神ホールディングス(株),陸運業,4539,2.2,9,-2,3,-14,15,11,-10,21,33
東証STD,3560,(株)ほぼ日,小売業,4295,2.1,15,-6,9,-14,9,9,20,-9,33
東証STD,6229,(株)オーケーエム,機械,1949,2.05,15,0,-3,-5,3,10,16,-3,33
東証PRM,8622,水戸証券(株),証券業,680,6.32,3,28,3,-17,9,-8,17,-3,32
東証PRM,4973,日本高純度化学(株),化学,5020,4.58,-3,-10,9,-3,7,-1,30,3,32
東証PRM,6379,レイズネクスト(株),建設業,2284,4.55,15,-6,3,-18,9,15,17,-3,32
東証PRM,5401,日本製鉄(株),鉄鋼,577.8,4.15,3,-10,-8,3,5,14,4,21,32
東証PRM,8014,蝶理(株),卸売業,4200,3.43,3,-38,15,-8,21,19,11,9,32
東証PRM,9104,(株)商船三井,海運業,5965,3.35,3,6,-1,3,7,13,-2,3,32
東証STD,261A,(株)日水コン,サービス業,2239,3.31,9,0,12,-5,10,-4,7,3,32
東証PRM,9470,(株)学研ホールディングス,情報・通信,973,2.98,21,-38,-3,15,17,15,-4,9,32
東証PRM,9503,関西電力(株),電気・ガス業,2533.5,2.96,9,-2,-3,-3,12,8,-10,21,32
東証PRM,9535,広島ガス(株),電気・ガス業,405,2.96,9,-6,-3,3,13,5,8,3,32
東証STD,6307,サンセイ(株),機械,533,2.81,15,2,3,-24,15,9,15,-3,32
東証PRM,6302,住友重機械工業(株),機械,5550,2.61,-6,-8,6,0,8,11,9,12,32
東証STD,6998,日本タングステン(株),電気機器,1929,2.59,3,-2,-3,3,-1,17,18,-3,32
東証GRT,7073,(株)ジェイック,サービス業,2186,2.52,18,4,1,6,4,2,-6,3,32
東証PRM,5991,ニッパツ,金属製品,2757.5,2.39,9,2,-3,-9,13,1,10,9,32
東証PRM,7459,(株)メディパルホールディングス,卸売業,2822,2.27,21,-34,3,3,21,13,-10,15,32
東証PRM,9517,イーレックス(株),電気・ガス業,1072,2.05,9,-2,-2,10,11,9,-6,3,32
東証PRM,5195,バンドー化学(株),ゴム製品,2048,4.88,9,-2,9,-3,13,-5,19,-9,31
東証PRM,3291,飯田グループホールディングス(株),不動産業,2238.5,4.47,15,-6,-9,-12,13,5,10,15,31
東証STD,4293,(株)セプテーニ・ホールディングス,サービス業,425,4.24,15,24,-14,-7,3,-1,14,-3,31
東証PRM,3388,明治電機工業(株),卸売業,2137,4.12,15,-34,3,-7,13,19,13,9,31
東証PRM,4078,堺化学工業(株),化学,3610,4.02,3,-6,-8,3,5,18,19,-3,31
東証GRT,9344,アクシスコンサルティング(株),サービス業,914,3.83,15,2,4,-5,0,2,4,9,31
東証PRM,7942,(株)ＪＳＰ,化学,2358,3.82,9,-6,-9,3,13,11,19,-9,31
東証PRM,9765,(株)オオバ,サービス業,1225,3.59,3,6,-3,-24,11,11,18,9,31
東証PRM,4188,三菱ケミカルグループ(株),化学,918.3,3.48,3,-2,-3,21,11,8,-10,3,31
東証PRM,7552,(株)ハピネット,卸売業,2728,3.39,9,-38,-3,10,17,11,10,15,31
東証STD,7692,(株)アースインフィニティ,電気・ガス業,97,2.68,15,6,10,-12,6,-1,-5,12,31
東証STD,7521,(株)ムサシ,卸売業,2877,2.64,3,2,3,-18,3,9,20,9,31
東証STD,1758,太洋基礎工業(株),建設業,2534,2.57,-6,0,6,-11,12,6,18,6,31
東証GRT,6038,(株)イード,サービス業,918,2.4,9,-2,-8,3,6,6,20,-3,31
東証STD,6676,(株)バッファロー,電気機器,2497,2.4,-3,-6,-3,9,11,1,19,3,31
東証STD,3461,(株)パルマ,不動産業,558,2.33,9,-2,9,-28,16,9,15,3,31
東証PRM,6644,大崎電気工業(株),電気機器,2014,2.23,15,-2,-2,-2,11,4,10,-3,31
東証STD,5287,(株)イトーヨーギョー,ガラス・土石製品,1050,2.1,15,6,-13,-17,15,7,15,3,31
東証STD,2780,(株)コメ兵ホールディングス,小売業,5260,2.02,15,2,-8,-24,11,8,12,15,31
東証STD,197A,(株)タウンズ,医薬品,493,5.68,3,32,-5,-8,3,0,5,0,30
東証PRM,6486,イーグル工業(株),機械,2811,4.45,3,-6,-3,3,15,-1,10,9,30
東証PRM,3861,王子ホールディングス(株),パルプ・紙,825.8,4.36,9,-10,-3,3,15,3,-2,15,30
東証STD,3321,ミタチ産業(株),卸売業,1913,4.18,-3,2,3,-18,3,17,11,15,30
東証PRM,5440,共英製鋼(株),鉄鋼,2185,4.12,3,2,3,-7,11,9,12,-3,30
東証PRM,4183,三井化学(株),化学,1917,3.91,3,-6,-3,9,17,11,-10,9,30
東証PRM,1786,オリエンタル白石(株),建設業,381,3.81,12,-2,0,-10,4,11,15,0,30
東証STD,2689,オルバヘルスケアホールディングス(株),卸売業,2100,3.81,9,4,-3,-7,15,13,-10,9,30
東証PRM,7628,(株)オーハシテクニカ,卸売業,1126,3.29,9,-6,-9,-3,19,-5,22,3,30
東証PRM,3107,ダイワボウホールディングス(株),卸売業,3213,3.27,21,-34,15,3,15,5,-10,15,30
東証STD,4197,(株)アスマーク,情報・通信,2390,3.26,9,-2,-13,-2,3,6,8,21,30
東証STD,8131,(株)ミツウロコグループホールディングス,卸売業,2038,3.24,15,-42,21,-3,19,17,12,-9,30
東証STD,2354,(株)ＹＥ　ＤＩＧＩＴＡＬ,情報・通信,937,3.2,6,4,1,1,11,8,-1,0,30
東証PRM,2270,雪印メグミルク(株),食料品,3195,3.13,21,-34,-3,3,13,13,8,9,30
名証PRM,6623,愛知電機(株),,7880,3.05,9,-6,-3,-8,11,13,11,3,30
東証PRM,9021,西日本旅客鉄道(株),陸運業,2963.5,3.05,9,2,4,-7,21,14,-10,-3,30
東証STD,5355,日本ルツボ(株),ガラス・土石製品,657,2.74,9,-38,4,9,7,16,8,15,30
東証STD,1992,神田通信機(株),建設業,2784,2.73,3,2,-9,-8,15,10,14,3,30
東証PRM,8630,ＳＯＭＰＯホールディングス(株),保険業,5771,2.6,9,0,-3,-3,21,7,-10,9,30
東証PRM,9052,山陽電気鉄道(株),陸運業,1989,2.51,3,2,3,-3,13,11,4,-3,30
東証GRT,4811,(株)ドリーム・アーツ,情報・通信,803,2.49,3,6,-2,6,6,-1,3,9,30
東証STD,3965,(株)キャピタル・アセット・プランニング,情報・通信,859,2.33,15,2,4,-22,19,1,8,3,30
東証STD,4347,ブロードメディア(株),サービス業,2206,2.27,21,6,-1,-8,9,4,-4,3,30
東証PRM,2811,カゴメ(株),食料品,2703.5,2.15,3,6,3,-9,9,11,10,-3,30
東証STD,7254,(株)ユニバンス,輸送用機器,788,2.03,-3,-2,-6,9,9,8,6,9,30
東証PRM,3486,(株)グローバル・リンク・マネジメント,不動産業,1925,5.19,18,0,9,-30,13,10,-9,18,29
東証PRM,7313,テイ・エス　テック(株),輸送用機器,1736,5.18,3,-6,-9,-3,21,-6,20,9,29
東証STD,3597,(株)自重堂,繊維製品,10100,4.95,3,-6,-9,-12,13,1,30,9,29
東証PRM,4202,(株)ダイセル,化学,1238.5,4.84,9,-6,-3,-3,19,7,9,-3,29
東証STD,2009,鳥越製粉(株),食料品,1083,4.52,3,-2,-3,-2,11,7,24,-9,29
東証PRM,8097,三愛オブリ(株),卸売業,2275,4.4,3,-34,9,10,19,3,10,9,29
東証STD,3918,ＰＣＩホールディングス(株),情報・通信,1046,4.21,9,-6,-9,-3,13,11,11,3,29
東証PRM,6418,日本金銭機械(株),機械,984,4.07,9,2,4,-23,11,0,23,3,29
東証GRT,3695,ＧＭＯプロダクトプラットフォーム(株),情報・通信,1641,3.91,9,2,-9,3,1,-1,15,9,29
東証STD,3800,(株)ユニリタ,情報・通信,1901,3.79,9,-2,-3,-3,11,-1,21,-3,29
東証STD,7368,表示灯(株),サービス業,1697,3.65,15,4,3,0,4,-4,4,3,29
東証STD,6337,(株)テセック,機械,2782,3.59,3,2,-7,-18,4,6,30,9,29
東証PRM,4503,アステラス製薬(株),医薬品,2306,3.47,3,2,-3,-3,21,1,17,-9,29
東証PRM,2294,(株)柿安本店,食料品,2736,3.11,-3,-2,-9,-3,9,13,21,3,29
東証STD,7219,(株)エッチ・ケー・エス,輸送用機器,2235,2.91,-3,-6,-3,3,1,13,21,3,29
東証PRM,5471,大同特殊鋼(株),鉄鋼,1853,2.64,-3,-2,-3,-2,9,11,10,9,29
東証STD,4286,(株)ＣＬホールディングス,サービス業,1189,2.61,21,-38,15,-8,15,19,2,3,29
東証STD,9127,玉井商船(株),海運業,3275,2.44,-3,28,-17,-3,5,6,4,9,29
東証PRM,6258,平田機工(株),機械,3225,2.02,9,-2,9,-28,13,13,6,9,29
東証PRM,1780,(株)ヤマウラ,建設業,1499,2,3,2,3,-18,9,9,18,3,29
東証PRM,4714,(株)リソー教育グループ,サービス業,195,5.13,21,2,3,-2,11,-21,11,3,28
東証PRM,2121,(株)ＭＩＸＩ,情報・通信,2602,4.61,-3,24,-9,-3,-3,-9,28,3,28
東証PRM,5482,愛知製鋼(株),鉄鋼,3005,4.59,9,-30,15,-3,15,9,10,3,28
東証STD,3951,朝日印刷(株),パルプ・紙,866,4.39,21,-14,-15,9,-3,17,10,3,28
東証PRM,4045,東亞合成(株),化学,1719,4.07,-3,-2,-3,3,17,-1,20,-3,28
東証STD,372A,(株)レント,サービス業,5670,3.7,9,4,9,-6,9,5,-5,3,28
東証PRM,8154,加賀電子(株),卸売業,4185,3.11,9,-6,-3,-19,11,13,2,21,28
名証,1777,川崎設備工業(株),,2440,3.07,3,6,9,-21,13,15,6,-3,28
東証STD,4335,ＩＰＳホールディングス(株),情報・通信,1247,3.05,15,-2,9,-28,11,13,13,-3,28
東証STD,8018,三共生興(株),卸売業,918,2.94,-3,2,3,-3,13,-1,20,-3,28
東証PRM,9008,京王電鉄(株),陸運業,758.9,2.9,15,2,15,-9,7,7,-6,-3,28
東証PRM,8600,トモニホールディングス(株),銀行業,906,2.87,15,0,-3,-17,13,9,-10,21,28
東証STD,4531,有機合成薬品工業(株),化学,350,2.86,9,2,-2,-3,5,10,10,-3,28
東証STD,7871,フクビ化学工業(株),化学,997,2.71,21,-42,9,-3,9,17,20,-3,28
東証STD,6042,(株)ニッキ,輸送用機器,4595,2.39,-9,2,-3,-8,17,15,11,3,28
東証STD,7614,(株)オーエムツーネットワーク,小売業,1557,2.31,-6,-8,-6,-12,10,10,22,18,28
東証PRM,8233,(株)高島屋,小売業,1875.5,2.13,3,6,3,9,13,5,-2,-9,28
東証STD,2903,シノブフーズ(株),食料品,1465,2.05,21,-34,3,3,17,5,10,3,28
東証STD,6927,ヘリオス　テクノ　ホールディング(株),電気機器,1174,6.13,-9,-2,-3,-14,11,13,22,9,27
,231A,Ｃｒｏｓｓ　Ｅホールディングス(株),,1127,4.88,6,0,6,0,3,0,6,6,27
東証STD,5391,(株)エーアンドエーマテリアル,ガラス・土石製品,1379,4.35,15,6,-2,-2,17,4,-2,-9,27
東証PRM,2929,(株)ファーマフーズ,食料品,646,3.87,15,6,10,-23,7,4,5,3,27
東証PRM,5889,Ｊａｐａｎ　Ｅｙｅｗｅａｒ　Ｈｏｌｄｉｎｇｓ(株),小売業,2250,3.82,6,4,1,9,3,0,1,3,27
東証STD,9625,(株)セレスポ,サービス業,1088,3.68,3,2,-13,-13,9,11,19,9,27
東証STD,1914,日本基礎技術(株),建設業,747,3.61,3,6,4,-3,13,-7,20,-9,27
東証PRM,5410,合同製鐵(株),鉄鋼,2929,3.41,3,2,-2,-7,0,12,10,9,27
東証STD,4120,スガイ化学工業(株),化学,2203,3.18,9,2,-7,-2,10,6,12,-3,27
名証,5530,日本システムバンク(株),,1062,3.01,15,2,3,0,7,4,-7,3,27
東証PRM,8052,椿本興業(株),卸売業,2781,2.88,15,-34,15,-8,13,13,-2,15,27
東証STD,3910,(株)エムケイシステム,情報・通信,294,2.72,15,-6,-1,-1,3,11,9,-3,27
東証PRM,6460,セガサミーホールディングス(株),機械,2332,2.36,9,2,3,-2,7,-5,16,-3,27
東証PRM,7270,(株)ＳＵＢＡＲＵ,輸送用機器,2438.5,4.72,3,-2,-3,-3,9,9,10,3,26
東証PRM,8008,４℃ホールディングス,小売業,1851,4.59,-9,-2,9,3,15,-13,20,3,26
東証PRM,2461,(株)ファンコミュニケーションズ,サービス業,463,4.54,-9,20,-9,-3,11,-7,20,3,26
東証PRM,5933,アルインコ(株),金属製品,1028,4.28,15,-42,9,-3,15,19,10,3,26
東証STD,7235,東京ラヂエーター製造(株),輸送用機器,1452,4.06,3,2,-7,-8,21,5,19,-9,26
東証STD,1867,(株)植木組,建設業,2603,3.84,9,-2,9,-19,15,13,10,-9,26
,242A,(株)リプライオリティ,,608,3.75,0,6,6,-3,5,0,6,6,26
東証PRM,9305,(株)ヤマタネ,卸売業,2051,3.66,9,-6,3,9,15,9,-10,-3,26
東証PRM,4118,(株)カネカ,化学,4887,3.27,9,-6,3,-9,11,11,10,-3,26
東証STD,5279,日本興業(株),ガラス・土石製品,1379,3.26,-3,-38,9,3,13,13,8,21,26
東証PRM,1808,(株)長谷工コーポレーション,建設業,2818,3.19,9,-6,3,-13,11,15,-2,9,26
東証PRM,7327,(株)第四北越フィナンシャルグループ,銀行業,2005,3.14,12,0,6,-15,10,14,-7,6,26
東証GRT,156A,マテリアルグループ(株),サービス業,848,3.08,6,2,0,3,3,-2,8,6,26
東証STD,3297,(株)東武住販,不動産業,1312,3.05,9,-10,3,-28,17,13,19,3,26
東証PRM,6457,グローリー(株),機械,4078,2.75,3,-2,-8,4,13,12,13,-9,26
東証PRM,8334,(株)群馬銀行,銀行業,2206,2.72,9,0,3,-17,15,11,-10,15,26
東証PRM,3132,マクニカホールディングス(株),卸売業,2638,2.65,3,2,-3,-23,11,19,8,9,26
東証STD,4026,神島化学工業(株),ガラス・土石製品,1846,2.65,9,-2,3,-9,13,15,-6,3,26
東証STD,3123,サイボー(株),繊維製品,640,2.5,9,-2,-12,-3,9,14,2,9,26
東証PRM,1961,三機工業(株),建設業,2413,2.28,3,6,-3,-1,13,-5,10,3,26
東証STD,300A,ＭＩＣ(株),サービス業,2849,2.11,3,0,-3,6,5,0,12,3,26
東証PRM,8616,東海東京フィナンシャル・ホールディングス(株),証券業,732,6.83,-3,24,9,-7,1,-4,-10,15,25
東証STD,8931,和田興産(株),不動産業,1373,4.37,15,-2,15,-28,21,11,-10,3,25
東証STD,8572,アコム(株),その他金融業,504.5,4.36,21,28,-14,-16,15,2,-2,-9,25
東証STD,8135,ゼット(株),卸売業,443,4.06,9,-34,4,-2,13,8,6,21,25
東証PRM,3191,(株)ジョイフル本田,小売業,2083,4.03,-9,-2,3,-3,15,-3,21,3,25
東証PRM,2395,(株)新日本科学,サービス業,1422,3.52,3,2,-19,5,8,11,6,9,25
東証PRM,5714,ＤＯＷＡホールディングス(株),非鉄金属,9730,3.27,-3,-6,-3,-8,9,17,10,9,25
東証PRM,9247,ＴＲＥホールディングス(株),サービス業,1641,3.05,9,2,-3,3,7,6,4,-3,25
東証PRM,7965,象印マホービン(株),電気機器,1616,2.85,-3,2,-9,-2,9,5,20,3,25
東証PRM,262A,(株)インターメスティック,小売業,2151,2.37,6,6,0,-3,0,6,4,6,25
東証STD,7567,(株)栄電子,卸売業,480,2.08,-3,-6,-3,-2,3,9,12,15,25
東証STD,3299,(株)ムゲンエステート,不動産業,2249,5.78,3,2,3,-23,13,21,-10,15,24
東証GRT,6180,ＧＭＯメディア(株),サービス業,4385,4.79,9,-2,-13,3,3,1,14,9,24
東証GRT,3989,シェアリングテクノロジー(株),情報・通信,1192,4.61,15,6,-7,-1,3,-2,1,9,24
東証PRM,7820,ニホンフラッシュ(株),その他製品,798,4.51,-3,-10,-8,-3,13,6,20,9,24
東証PRM,5076,インフロニア・ホールディングス(株),建設業,2148,4.28,9,2,9,-2,7,-6,-4,9,24
東証STD,4463,日華化学(株),化学,1639,4.27,3,6,3,-3,3,9,0,3,24
東証STD,2907,(株)あじかん,食料品,1328,3.92,21,-42,3,4,11,13,11,3,24
東証STD,4623,(株)アサヒペン,化学,1710,3.51,3,2,3,-3,9,11,20,-21,24
東証PRM,8381,(株)山陰合同銀行,銀行業,1913,3.14,15,0,9,-29,11,19,-10,9,24
東証PRM,8697,(株)日本取引所グループ,その他金融業,1952,3.13,9,24,-3,9,1,-15,-10,9,24
東証STD,7299,フジオーゼックス(株),輸送用機器,1764,2.95,9,-2,-9,-14,7,11,25,-3,24
東証STD,9366,(株)サンリツ,倉庫・運輸関連業,931,2.9,3,-2,-3,3,1,21,4,-3,24
東証STD,4346,(株)ＮＥＸＹＺ．Ｇｒｏｕｐ,その他金融業,713,2.81,15,2,-2,-13,17,6,-4,3,24
東証PRM,8061,西華産業(株),卸売業,2967,2.75,3,6,-8,-1,11,18,-8,3,24
東証STD,9930,北沢産業(株),卸売業,365,2.74,3,-2,3,-13,11,9,10,3,24
東証PRM,4839,(株)ＷＯＷＯＷ,情報・通信,1196,2.51,3,-2,-9,3,1,5,20,3,24
東証PRM,7966,リンテック(株),その他製品,4940,2.23,3,-6,-3,-3,13,3,20,-3,24
東証PRM,7180,(株)九州フィナンシャルグループ,銀行業,1317.5,2.05,15,0,9,-21,13,15,-10,3,24
東証PRM,8897,ＭＩＲＡＲＴＨホールディングス(株),不動産業,399,5.26,15,-2,-3,-8,19,9,-10,3,23
東証PRM,6070,キャリアリンク(株),サービス業,2341,5.13,3,-6,-3,-13,13,1,13,15,23
東証PRM,8005,(株)スクロール,小売業,1333,4.43,3,-2,-8,3,1,14,15,-3,23
東証STD,1718,美樹工業(株),建設業,7260,4.13,3,6,3,-12,1,13,6,3,23
東証STD,1430,ファーストコーポレーション(株),建設業,1130,4.07,3,2,3,-22,7,23,-8,15,23
東証PRM,8860,フジ住宅(株),不動産業,804,3.98,9,6,9,-24,13,11,-10,9,23
東証PRM,2053,中部飼料(株),食料品,1715,3.79,3,-34,9,-7,19,11,19,3,23
東証PRM,8424,芙蓉総合リース(株),その他金融業,4350,3.63,15,10,15,-48,21,11,-10,9,23
東証PRM,4072,(株)電算システムホールディングス,情報・通信,2885,3.47,6,0,-3,-3,9,9,-4,9,23
東証PRM,6638,(株)ミマキエンジニアリング,電気機器,1538,3.25,21,6,-2,-8,13,10,-8,-9,23
東証STD,3454,ファーストブラザーズ(株),不動産業,1169,3.17,3,28,3,-21,9,8,-10,3,23
東証STD,6772,東京コスモス電機(株),電気機器,1279,3.13,3,-2,-2,3,11,10,-3,3,23
東証STD,250A,シマダヤ(株),食料品,1725,3.01,9,0,3,0,1,3,10,-3,23
東証STD,8891,ＡＭＧホールディングス(株),不動産業,2335,3,15,-2,9,-22,17,11,-8,3,23
東証PRM,6616,トレックス・セミコンダクター(株),電気機器,1948,2.87,-3,-6,-19,9,15,7,17,3,23
東証PRM,5233,太平洋セメント(株),ガラス・土石製品,3639,2.75,9,-2,-2,-8,7,14,2,3,23
東証PRM,8282,(株)ケーズホールディングス,小売業,1768,2.6,9,2,-3,-14,9,-5,16,9,23
東証PRM,5976,ネツレン,金属製品,1305,5.13,9,-6,-2,3,7,-6,20,-3,22
東証PRM,5411,ＪＦＥホールディングス(株),鉄鋼,1700.5,4.7,-3,-2,-2,-3,5,10,2,15,22
東証PRM,2181,パーソルホールディングス(株),サービス業,240.2,4.58,21,-42,3,9,21,-3,-2,15,22
東証PRM,2168,(株)パソナグループ,サービス業,1654,4.53,3,2,-13,3,15,3,-6,15,22
東証PRM,8698,マネックスグループ(株),証券業,679,4.51,9,28,-8,-12,15,-3,-10,3,22
東証STD,2499,日本和装ホールディングス(株),サービス業,312,4.49,0,0,-3,-9,19,12,-9,12,22
東証PRM,5959,岡部(株),金属製品,970,4.33,3,-2,-13,3,9,11,20,-9,22
東証PRM,3457,(株)Ａｎｄ　Ｄｏホールディングス,不動産業,1084,4.24,9,-2,3,-7,15,17,-10,-3,22
東証STD,5257,ノバシステム(株),情報・通信,2575,4.08,12,-2,6,9,0,-3,0,0,22
東証STD,6384,(株)昭和真空,機械,1715,4.08,-3,-2,-3,-2,11,5,19,-3,22
東証PRM,4668,(株)明光ネットワークジャパン,サービス業,689,4.06,9,-2,-8,9,7,-10,20,-3,22
東証STD,7377,ＤＮホールディングス(株),サービス業,1891,3.97,9,0,3,-2,1,12,5,-6,22
東証STD,2112,塩水港精糖(株),食料品,506,3.95,3,6,-3,3,9,5,-4,3,22
東証PRM,5108,(株)ブリヂストン,ゴム製品,3322,3.76,3,-10,-2,-3,13,10,14,-3,22
東証STD,3955,(株)イムラ,パルプ・紙,867,3.46,6,-8,-6,0,10,14,18,-12,22
東証PRM,1964,中外炉工業(株),建設業,4565,3.29,9,6,3,-28,11,13,11,-3,22
東証STD,6633,(株)ＣＧＳホールディングス,電気機器,328,3.05,-6,-4,3,6,-3,-1,9,18,22
名証,1738,(株)ＮＩＴＴＯＨ,,598,2.84,21,-42,9,-3,13,5,16,3,22
東証STD,2180,(株)サニーサイドアップグループ,サービス業,944,2.75,3,-2,-7,3,5,15,-4,9,22
東証PRM,3708,特種東海製紙(株),パルプ・紙,1610,2.71,9,-2,-3,-3,5,9,10,-3,22
東証PRM,9502,中部電力(株),電気・ガス業,2609.5,2.68,9,-2,-2,-3,19,8,-10,3,22
東証GRT,446A,(株)ノースサンド,サービス業,1287,2.56,6,2,6,3,0,0,-1,6,22
東証GRT,9562,ビジネスコーチ(株),サービス業,673,2.53,18,-2,0,-3,0,-2,5,6,22
東証STD,8912,(株)エリアクエスト,不動産業,173,2.31,9,-2,-3,-3,11,-5,6,9,22
東証PRM,7380,(株)十六フィナンシャルグループ,銀行業,2092,2.29,3,0,9,-8,9,10,-4,3,22
東証STD,2916,仙波糖化工業(株),食料品,707,2.12,15,-34,3,-3,11,11,10,9,22
東証STD,5218,(株)オハラ,ガラス・土石製品,1219,2.05,-3,-6,-13,3,7,11,20,3,22
東証PRM,4331,(株)テイクアンドギヴ・ニーズ,サービス業,693,5.77,6,4,-5,6,10,3,-3,0,21
東証PRM,4116,大日精化工業(株),化学,1071,4.86,3,2,3,-9,7,7,11,-3,21
東証STD,3640,(株)電算,情報・通信,2967,4.72,9,2,-2,-2,1,6,4,3,21
東証PRM,3612,(株)ワールド,繊維製品,1521,4.4,-6,8,6,12,9,1,-9,0,21
東証GRT,4447,(株)ピー・ビーシステムズ,情報・通信,468,4.27,9,0,-2,1,3,3,4,3,21
東証STD,5923,高田機工(株),金属製品,1172,4.27,9,6,-3,-22,17,-3,20,-3,21
東証STD,3420,(株)ケー・エフ・シー,金属製品,1529,3.92,3,-2,-3,-18,13,15,16,-3,21
東証PRM,9006,京浜急行電鉄(株),陸運業,1557.5,2.95,3,6,-2,-8,19,10,-10,3,21
名証,5607,中央可鍛工業(株),,639,2.5,15,-38,9,-3,11,9,15,3,21
東証GRT,7326,ＳＢＩインシュアランスグループ(株),保険業,2137,2.18,18,0,7,-1,6,0,-9,0,21
東証STD,9913,日邦産業(株),卸売業,3860,2.02,9,-34,-1,15,9,12,-4,15,21
東証STD,8700,丸八証券(株),証券業,1760,5.68,-3,28,-3,-23,1,2,21,-3,20
東証GRT,9251,(株)ＡＢ＆Ｃｏｍｐａｎｙ,サービス業,1205,4.98,15,-8,-2,6,5,-3,-8,15,20
東証PRM,5970,(株)ジーテクト,金属製品,1825,4.93,3,-38,3,3,21,13,12,3,20
東証STD,7847,(株)グラファイトデザイン,その他製品,619,4.85,3,2,3,-14,1,-3,25,3,20
東証STD,6245,(株)ヒラノテクシード,機械,1774,4.74,15,-6,-3,-28,19,7,19,-3,20
東証STD,1787,(株)ナカボーテック,建設業,5500,4.73,9,6,9,-19,13,-15,20,-3,20
東証PRM,3877,中越パルプ工業(株),パルプ・紙,1936,4.65,9,2,4,-3,13,-4,2,-3,20
東証PRM,4114,(株)日本触媒,化学,2153,4.64,3,-6,-3,-3,15,3,20,-9,20
東証PRM,8203,(株)ＭｒＭａｘＨＤ,小売業,705,4.11,15,-34,9,3,7,17,-6,9,20
東証PRM,4189,ＫＨネオケム(株),化学,2761,3.98,3,-6,-3,3,15,13,4,-9,20
東証STD,7991,マミヤ・オーピー(株),機械,1281,3.9,9,2,9,-12,11,-13,11,3,20
東証STD,5237,(株)ノザワ,ガラス・土石製品,1152,3.73,3,-10,-2,-15,7,10,18,9,20
東証PRM,6369,トーヨーカネツ(株),機械,2755,3.63,3,6,9,-23,11,3,14,-3,20
東証STD,9351,東洋埠頭(株),倉庫・運輸関連業,1996,3.51,9,-42,9,3,11,17,10,3,20
東証PRM,4064,日本カーバイド工業(株),化学,2658,3.46,-9,2,-3,3,15,3,0,9,20
東証STD,331A,(株)メディックス,サービス業,475,3.16,-9,4,9,0,9,2,-4,9,20
東証PRM,8074,(株)ＹＵＡＳＡ,卸売業,6050,3.14,15,-34,9,-3,15,19,-10,9,20
東証STD,2305,(株)スタジオアリス,サービス業,1809,2.76,-12,-4,-6,6,2,4,18,12,20
東証STD,3933,チエル(株),情報・通信,671,2.68,15,-4,3,-13,9,3,4,3,20
東証STD,6748,星和電機(株),電気機器,761,2.63,3,-2,-8,4,11,6,9,-3,20
東証STD,9903,(株)カンセキ,小売業,878,2.28,3,2,-1,-1,9,9,-10,9,20
名証,7675,セントラルフォレストグループ(株),,2838,2.26,6,-36,6,12,12,9,-7,18,20
東証PRM,3391,(株)ツルハホールディングス,小売業,2151.5,2.23,15,-46,3,9,19,7,10,3,20
東証PRM,8336,(株)武蔵野銀行,銀行業,2460,2.17,3,0,9,-17,9,17,-10,9,20
東証STD,2831,はごろもフーズ(株),食料品,3465,2.02,21,-34,-8,4,7,10,11,9,20
東証PRM,9532,大阪ガス(株),電気・ガス業,5949,2.02,-3,-6,-3,-3,13,15,10,-3,20
東証PRM,4246,ダイキョーニシカワ(株),化学,852,4.46,9,2,-2,-3,5,7,10,-9,19
東証STD,211A,(株)カドス・コーポレーション,建設業,4080,4.41,6,2,6,-6,9,0,2,0,19
東証STD,7670,オーウエル(株),卸売業,1053,4.27,9,-32,15,-10,21,10,3,3,19
東証GRT,410A,ＧＭＯコマース(株),サービス業,1162,4.15,3,4,3,0,3,0,-3,9,19
東証STD,274A,(株)ガーデン,小売業,2265,3.97,9,4,-2,0,3,0,-4,9,19
東証STD,5868,(株)ロココ,サービス業,1087,3.68,9,-2,-3,6,6,0,0,3,19
東証STD,4224,ロンシール工業(株),化学,1998,3.5,3,-6,-9,-3,5,7,19,3,19
東証PRM,4523,エーザイ(株),医薬品,4605,3.47,3,6,9,-14,9,-13,16,3,19
東証STD,8115,ムーンバット(株),卸売業,1536,3.39,-3,2,-7,-24,15,6,15,15,19
東証STD,7743,(株)シード,精密機器,543,2.76,21,-2,-8,-8,13,10,-10,3,19
東証PRM,4997,日本農薬(株),化学,986,2.74,9,2,3,-22,9,5,10,3,19
東証PRM,2935,(株)ピックルスホールディングス,食料品,1110,2.61,0,0,0,0,6,7,6,0,19
東証STD,3842,(株)ネクストジェン,情報・通信,978,2.56,9,-6,-19,-3,6,6,11,15,19
東証STD,1866,北野建設(株),建設業,1182,2.33,-9,2,3,-19,9,13,11,9,19
東証PRM,8303,(株)ＳＢＩ新生銀行,銀行業,1821.5,2.31,15,0,9,-14,7,-3,-10,15,19
東証STD,1434,ＪＥＳＣＯホールディングス(株),建設業,2392,2.01,9,2,-2,-22,19,12,-8,9,19
東証PRM,3284,(株)フージャースホールディングス,不動産業,1189,6.22,9,-2,9,-27,21,15,-10,3,18
東証PRM,5988,(株)パイオラックス,金属製品,1584,5.81,3,-6,-3,-15,11,-5,30,3,18
東証PRM,3276,(株)ＪＰＭＣ,不動産業,1291,4.96,15,-38,9,-9,15,11,6,9,18
東証PRM,6412,(株)平和,機械,1817,4.4,-3,2,-9,3,7,7,8,3,18
札証,5579,(株)ＧＳＩ,,1301,4.38,12,-6,-6,-6,3,0,12,9,18
東証STD,367A,プリモグローバルホールディングス(株),小売業,2876,4.17,6,4,4,6,0,0,-5,3,18
東証STD,2445,(株)タカミヤ,サービス業,388,4.12,9,2,3,-17,13,9,-10,9,18
東証STD,8596,(株)九州リースサービス,その他金融業,1407,4.12,15,28,9,-53,19,13,-10,-3,18
東証GRT,2385,(株)総医研ホールディングス,サービス業,255,3.92,3,-2,-1,-23,10,3,25,3,18
東証STD,6428,(株)オーイズミ,機械,326,3.68,-3,-2,-8,9,5,10,10,-3,18
東証PRM,4569,杏林製薬(株),医薬品,1558,3.66,3,-6,9,-3,11,-3,22,-15,18
東証STD,7877,永大化工(株),化学,1967,3.56,9,-34,4,-7,11,6,20,9,18
東証STD,3280,(株)エストラスト,不動産業,998,3.41,9,2,9,-23,19,9,-10,3,18
東証PRM,6331,三菱化工機(株),機械,3205,3.28,3,-2,3,-29,15,17,8,3,18
東証PRM,1861,(株)熊谷組,建設業,1556,2.89,15,-2,3,-1,17,-1,-4,-9,18
東証STD,7875,竹田ｉＰホールディングス(株),その他製品,660,2.8,-3,-42,10,9,13,6,10,15,18
東証STD,7819,粧美堂(株),その他製品,1074,2.79,3,2,3,3,13,-5,2,-3,18
東証STD,4885,室町ケミカル(株),医薬品,974,2.67,15,0,-13,0,7,10,-4,3,18
東証STD,7814,(株)日本創発グループ,その他製品,582,2.58,15,-2,4,-3,17,0,-10,-3,18
東証STD,2122,(株)インタースペース,サービス業,1271,2.36,15,-10,-3,-9,15,-3,10,3,18
東証STD,9996,(株)サトー商会,卸売業,2266,2.03,9,-30,9,-7,15,5,20,-3,18
東証STD,4671,(株)ファルコホールディングス,サービス業,2540,4.92,-15,-2,3,3,21,3,13,-9,17
東証PRM,6306,日工(株),機械,809,4.2,9,6,3,-24,15,-1,18,-9,17
東証PRM,2602,日清オイリオグループ(株),食料品,1818,3.3,3,-34,3,-2,11,23,10,3,17
東証PRM,2503,キリンホールディングス(株),食料品,2495,3.05,15,2,3,-3,19,-6,-10,-3,17
東証STD,9220,エフビー介護サービス(株),サービス業,1286,2.95,18,-2,-5,3,2,1,-6,6,17
東証STD,4936,(株)アクシージア,化学,347,2.88,21,-8,3,-6,0,-7,17,-3,17
東証STD,5915,(株)駒井ハルテック,金属製品,2583,2.71,-3,-2,-7,-6,13,3,10,9,17
東証STD,343A,(株)ＩＡＣＥトラベル,サービス業,1262,2.38,9,4,4,-4,0,0,7,-3,17
東証STD,9761,東海リース(株),サービス業,2343,5.12,3,2,3,3,3,-11,10,3,16
東証PRM,5480,日本冶金工業(株),鉄鋼,4600,4.78,-3,-2,3,-2,17,12,-6,-3,16
東証PRM,5021,コスモエネルギーホールディングス(株),石油・石炭製品,3985,4.14,9,-6,-13,3,17,7,-10,9,16
東証PRM,3139,(株)ラクト・ジャパン,卸売業,3320,3.98,15,-38,15,-23,21,13,-8,21,16
東証STD,7460,(株)ヤギ,卸売業,3810,3.86,3,-34,9,-1,17,9,10,3,16
東証PRM,8159,(株)立花エレテック,卸売業,2862,3.49,3,-38,9,-7,17,5,12,15,16
東証STD,3447,信和(株),金属製品,1002,3.39,3,-2,-3,-9,3,5,16,3,16
東証STD,4016,ＭＩＴホールディングス(株),情報・通信,911,3.29,15,-38,9,4,12,3,-7,18,16
東証PRM,8057,(株)内田洋行,卸売業,2008,3.29,21,-42,9,-13,19,25,-6,3,16
東証STD,160A,(株)アズパートナーズ,サービス業,2033,3.2,12,2,6,-13,10,0,-7,6,16
東証PRM,1934,(株)ユアテック,建設業,2541,2.83,-3,-6,-9,-2,13,11,15,-3,16
東証STD,8537,(株)大光銀行,銀行業,2527,2.77,15,0,3,-17,9,13,-10,3,16
東証PRM,8524,(株)北洋銀行,銀行業,1014,2.56,3,0,-3,-7,1,17,-10,15,16
東証PRM,8341,(株)七十七銀行,銀行業,3121,2.41,9,0,15,-33,13,13,-10,9,16
東証PRM,3099,(株)三越伊勢丹ホールディングス,小売業,2991,2.34,3,6,-13,-3,13,9,10,-9,16
東証PRM,6326,(株)クボタ,機械,2597.5,2,9,-6,3,-19,17,7,8,-3,16
東証STD,1418,インターライフホールディングス(株),建設業,569,5.27,3,6,-1,-1,13,-2,0,-3,15
東証PRM,5461,中部鋼鈑(株),鉄鋼,2250,4.62,-3,-6,-3,-8,3,11,30,-9,15
東証PRM,5851,リョービ(株),非鉄金属,2571,4.05,3,-38,-8,9,16,16,8,9,15
東証PRM,2117,ウェルネオシュガー(株),食料品,2699,4,3,-2,3,-8,9,-17,24,3,15
東証STD,3277,(株)サンセイランディック,不動産業,1337,3.81,9,-6,3,-33,21,15,3,3,15
東証PRM,8095,アステナホールディングス(株),卸売業,483,3.73,21,-34,10,-2,13,0,4,3,15
東証PRM,9438,(株)エムティーアイ,情報・通信,599,3.34,-3,-10,-7,-8,11,2,15,15,15
東証STD,7486,サンリン(株),卸売業,735,3.27,-3,-38,15,-2,9,17,20,-3,15
東証PRM,8593,三菱ＨＣキャピタル(株),その他金融業,1443,3.12,15,6,15,-50,21,21,-10,-3,15
東証STD,7425,初穂商事(株),卸売業,2640,3.03,21,-42,-3,-8,19,13,0,15,15
東証PRM,2975,スター・マイカ・ホールディングス(株),不動産業,1678,2.68,21,-6,3,-21,9,7,-1,3,15
東証PRM,4887,サワイグループホールディングス(株),医薬品,2098.5,2.62,3,2,-2,3,5,3,4,-3,15
東証STD,3489,(株)フェイスネットワーク,不動産業,773,5.17,21,-2,-3,-26,14,11,-10,9,14
東証PRM,7990,グローブライド(株),その他製品,2084,4.32,9,-10,-3,-9,21,11,-2,-3,14
東証PRM,7388,(株)ＦＰパートナー,保険業,2242,4.19,12,-2,-6,4,6,-5,5,0,14
東証STD,4728,(株)トーセ,情報・通信,641,3.9,3,2,-2,-12,7,-16,29,3,14
東証STD,6165,パンチ工業(株),機械,494,3.75,-3,-2,-13,-9,7,6,13,15,14
東証PRM,6592,マブチモーター(株),電気機器,1528,3.66,3,-2,-9,-3,9,-5,30,-9,14
東証PRM,6141,ＤＭＧ森精機(株),機械,2888.5,3.64,3,2,-2,-3,15,6,-10,3,14
東証STD,7795,(株)ＫＹＯＲＩＴＳＵ,その他製品,220,3.64,0,0,-5,-4,6,1,10,6,14
東証PRM,2664,(株)カワチ薬品,小売業,2906,3.44,15,-42,9,-3,9,13,10,3,14
東証PRM,2281,プリマハム(株),食料品,2535,3.16,21,-42,3,-3,15,13,10,-3,14
東証PRM,2734,(株)サーラコーポレーション,小売業,1052,3.14,9,-34,3,9,17,11,-4,3,14
東証STD,3011,(株)バナーズ,小売業,159,3.14,3,2,4,-3,7,6,-8,3,14
東証STD,8104,クワザワホールディングス(株),卸売業,574,3.14,15,-38,15,-7,15,15,-10,9,14
東証PRM,3106,クラボウ,繊維製品,9370,3.01,-15,2,9,-3,9,9,12,-9,14
東証STD,3267,(株)フィル・カンパニー,建設業,836,2.99,15,2,3,-22,6,-5,6,9,14
名証,7227,アスカ(株),,1817,2.97,15,-30,9,9,9,9,-10,3,14
東証STD,5660,神鋼鋼線工業(株),鉄鋼,1549,2.91,15,-34,9,3,9,9,6,-3,14
東証PRM,8020,兼松(株),卸売業,2189,2.74,15,-34,9,-8,19,20,-10,3,14
東証PRM,2120,(株)ＬＩＦＵＬＬ,サービス業,193,2.7,3,2,-14,3,3,1,19,-3,14
東証STD,5992,中央発條(株),金属製品,3825,2.35,9,-34,-9,9,11,9,16,3,14
東証STD,7434,(株)オータケ,卸売業,1848,2.16,9,-42,9,-8,11,13,19,3,14
東証PRM,2982,(株)ＡＤワークスグループ,不動産業,412,4.85,9,6,9,-28,9,5,-6,9,13
東証STD,3131,シンデン・ハイテックス(株),卸売業,2797,4.65,-3,2,3,-12,7,13,-6,9,13
東証STD,1807,(株)佐藤渡辺,建設業,1970,4.06,3,-2,-3,-8,11,5,10,-3,13
東証STD,1905,(株)テノックス,建設業,1442,3.61,9,-38,3,-8,19,5,20,3,13
東証STD,5542,新報国マテリアル(株),鉄鋼,857,2.92,-3,-10,-9,-7,11,11,17,3,13
東証PRM,4208,ＵＢＥ(株),化学,2391,4.6,-3,-6,-7,-9,19,7,8,3,12
名証,7950,日本デコラックス(株),,8800,4.2,-9,-6,-9,-3,11,1,30,-3,12
東証STD,3248,(株)アールエイジ,不動産業,859,4.19,-3,32,-3,-13,11,13,-10,-15,12
東証STD,6262,(株)ＰＥＧＡＳＵＳ,機械,842,3.56,-3,-2,-13,-9,9,13,20,-3,12
東証PRM,9119,飯野海運(株),海運業,1646,3.34,3,-10,3,3,5,21,-4,-9,12
東証PRM,4043,(株)トクヤマ,化学,3717,3.23,3,2,-2,-14,11,11,4,-3,12
東証STD,1981,(株)協和日成,建設業,1417,3.18,9,-34,3,-3,13,11,16,-3,12
東証PRM,8081,(株)カナデン,卸売業,2333,3.09,15,-42,21,-17,19,15,10,-9,12
東証PRM,8032,日本紙パルプ商事(株),卸売業,1110,3.06,3,-34,3,9,15,11,-10,15,12
東証PRM,6810,マクセル(株),電気機器,1960,2.86,-3,2,-7,-9,9,9,14,-3,12
東証STD,4625,アトミクス(株),化学,762,2.62,9,-38,-8,3,7,10,20,9,12
東証PRM,4061,デンカ(株),化学,4030,2.48,3,-6,-14,-3,11,14,10,-3,12
東証STD,9130,共栄タンカー(株),海運業,1620,2.47,3,2,3,3,7,1,-10,3,12
東証PRM,6151,日東工器(株),機械,1636,2.44,3,-10,-9,3,-3,13,30,-15,12
東証PRM,8386,(株)百十四銀行,銀行業,2433,2.4,-3,0,3,-17,11,19,-10,9,12
東証STD,9778,(株)昴,サービス業,5510,2.18,-9,-6,3,3,7,1,10,3,12
東証PRM,4301,(株)アミューズ,サービス業,1979,2.02,15,-2,-3,-18,1,5,17,-3,12
東証STD,3416,ピクスタ(株),小売業,899,5.01,6,4,-7,0,1,-8,-3,18,11
東証PRM,8881,(株)日神グループホールディングス,不動産業,698,5.01,-3,-2,-15,-24,15,15,10,15,11
東証STD,9446,(株)サカイホールディングス,情報・通信,701,4.99,3,6,9,-8,11,3,-10,-3,11
東証PRM,4433,(株)ヒト・コミュニケーションズ・ホールディングス,サービス業,881,4.26,0,-4,-11,0,12,1,7,6,11
東証STD,1724,シンクレイヤ(株),建設業,723,4.15,9,6,4,-17,14,3,1,-9,11
東証STD,9640,(株)セゾンテクノロジー,情報・通信,2320,3.88,-3,2,-8,-8,10,-10,13,15,11
東証PRM,1820,西松建設(株),建設業,5878,3.74,9,-2,3,-14,3,9,0,3,11
東証PRM,8795,(株)Ｔ＆Ｄホールディングス,保険業,3773,3.45,3,0,-2,-6,21,2,-10,3,11
東証GRT,436A,サイバーソリューションズ(株),情報・通信,1005,3.18,6,2,1,-3,0,0,-1,6,11
東証PRM,8343,(株)秋田銀行,銀行業,5620,3.11,3,0,3,-28,15,19,-10,9,11
東証PRM,2760,東京エレクトロン　デバイス(株),卸売業,3505,3.08,3,6,9,-28,7,9,-10,15,11
東証PRM,1899,(株)福田組,建設業,8530,3.05,15,-42,3,-7,11,11,11,9,11
東証STD,6964,(株)サンコー,電気機器,693,2.89,9,-42,-3,-2,11,9,20,9,11
東証STD,9791,(株)ビケンテクノ,サービス業,1320,2.73,3,2,-9,-18,11,9,10,3,11
東証PRM,2804,ブルドックソース(株),食料品,1805,2.49,21,-42,-3,3,9,-5,19,9,11
東証PRM,7350,(株)おきなわフィナンシャルグループ,銀行業,5740,2.44,9,0,9,-7,7,6,-4,-9,11
東証PRM,7596,(株)魚力,小売業,2279,2.28,9,-46,-3,9,5,-5,27,15,11
東証STD,3512,日本フエルト(株),繊維製品,915,2.19,-9,-6,-9,-3,9,5,21,3,11
東証STD,6156,(株)エーワン精密,機械,2025,4.94,-3,-2,-20,-9,13,-2,30,3,10
東証STD,8737,(株)あかつき本社,証券業,652,4.6,9,-2,4,-11,9,8,-10,3,10
東証STD,2415,ヒューマンホールディングス(株),サービス業,1607,4.51,21,-42,3,9,3,11,-10,15,10
東証STD,3353,(株)メディカル一光グループ,小売業,2827,4.24,21,-42,9,-3,17,9,-4,3,10
東証PRM,4044,セントラル硝子(株),化学,4060,4.19,-15,-6,-8,3,13,4,10,9,10
東証PRM,8151,(株)東陽テクニカ,卸売業,1798,3.89,3,-2,-3,-2,15,-23,25,-3,10
東証STD,2961,日本調理機(株),金属製品,4975,3.62,-3,4,-3,-12,-5,12,8,9,10
東証PRM,4471,三洋化成工業(株),化学,5060,3.36,-9,2,-8,-9,15,2,20,-3,10
東証PRM,7510,(株)たけびし,卸売業,2362,3.05,9,-38,9,-18,17,7,15,9,10
東証PRM,7868,(株)広済堂ホールディングス,その他製品,583,2.29,-3,40,-24,-8,6,-5,1,3,10
東証STD,3944,古林紙工(株),パルプ・紙,2348,2.13,3,-34,9,-3,7,5,8,15,10
東証STD,6578,(株)コレックホールディングス,サービス業,436,2.06,9,6,-13,-18,7,0,10,9,10
東証STD,6176,(株)ブランジスタ,サービス業,900,7.22,15,2,-7,-13,0,0,21,-9,9
東証PRM,8219,青山商事(株),小売業,794,5.71,9,2,-2,-7,9,-9,10,-3,9
東証STD,9322,川西倉庫(株),倉庫・運輸関連業,2366,5.49,15,-38,-3,-9,11,13,11,9,9
東証GRT,7699,オムニ・プラス・システム,卸売業,717,5.46,0,0,0,0,9,0,0,0,9
東証PRM,6727,(株)ワコム,電気機器,723,3.6,3,6,4,-13,7,-6,11,-3,9
東証PRM,1888,若築建設(株),建設業,3785,3.49,9,2,3,-40,21,13,-2,3,9
東証STD,3551,ダイニック(株),繊維製品,1062,3.3,9,-34,9,-2,11,13,-6,9,9
東証STD,2183,(株)リニカル,サービス業,249,3.21,3,-10,-14,-8,17,8,4,9,9
東証STD,5900,(株)ダイケン,金属製品,786,3.18,9,-38,-3,-14,11,15,26,3,9
東証PRM,8522,(株)名古屋銀行,銀行業,5910,2.88,9,0,3,-28,11,15,-10,9,9
東証STD,8927,(株)明豊エンタープライズ,不動産業,469,2.77,9,2,9,-27,7,0,-6,15,9
東証PRM,6480,日本トムソン(株),機械,1061,2.64,3,-2,-13,-7,7,-3,15,9,9
東証PRM,5832,(株)ちゅうぎんフィナンシャルグループ,銀行業,3016,2.62,6,0,6,-5,6,5,-3,-6,9
東証PRM,2432,(株)ディー・エヌ・エー,情報・通信,2599.5,2.54,3,-2,-13,-14,5,6,21,3,9
東証STD,6317,(株)北川鉄工所,機械,1556,5.46,9,-38,-7,3,13,9,10,9,8
東証STD,4845,(株)スカラ,情報・通信,350,4.86,3,2,-12,3,15,4,2,-9,8
東証STD,9193,東京汽船(株),倉庫・運輸関連業,1032,4.84,-3,-38,4,-3,7,12,20,9,8
東証STD,2428,ウェルネット(株),サービス業,653,4.52,3,2,3,-13,11,-7,-6,15,8
東証STD,5079,(株)ノバック,建設業,2684,4.47,0,-2,-6,-7,4,-1,14,6,8
東証PRM,5902,ホッカンホールディングス(株),金属製品,2183,4.26,3,-34,-7,3,15,13,-6,21,8
東証PRM,2918,わらべや日洋ホールディングス(株),食料品,2829,4.24,9,-38,-3,-3,11,13,10,9,8
東証STD,3374,内外テック(株),卸売業,2475,4.04,-3,-2,3,-13,7,13,-6,9,8
東証PRM,2733,(株)あらた,卸売業,2784,4.02,21,-42,9,-3,21,9,-10,3,8
東証STD,9896,ＪＫホールディングス(株),卸売業,1367,4.02,15,-46,-3,9,15,13,-10,15,8
東証STD,8917,ファースト住建(株),不動産業,1123,3.83,3,-10,-15,-17,9,15,20,3,8
東証STD,2304,(株)ＣＳＳホールディングス,サービス業,944,3.71,9,-38,4,4,9,9,8,3,8
東証PRM,7244,市光工業(株),電気機器,524,3.44,-9,-2,-3,-3,11,8,3,3,8
東証PRM,3382,(株)セブン＆アイ・ホールディングス,小売業,1920,3.13,3,-38,3,3,17,11,0,9,8
,4250,(株)フロンティア,,610,2.95,15,4,3,-9,3,0,-5,-3,8
東証PRM,8541,(株)愛媛銀行,銀行業,1818,2.53,15,0,-3,-5,5,9,-10,-3,8
東証STD,4977,新田ゼラチン(株),化学,1215,2.47,-3,2,-12,-8,9,13,4,3,8
東証STD,505A,(株)ギークリー,サービス業,1260,2.38,3,-2,-3,-3,0,0,7,6,8
東証PRM,8999,グランディハウス(株),不動産業,537,5.96,9,-10,3,-22,17,3,-2,9,7
東証STD,7060,ギークス(株),サービス業,566,5.3,21,4,-13,-10,3,-5,4,3,7
東証STD,6915,千代田インテグレ(株),電気機器,3060,5.23,-3,-6,-3,3,1,-11,23,3,7
東証STD,7791,ドリームベッド(株),その他製品,791,4.3,-3,-4,3,-6,9,7,-2,3,7
東証PRM,6209,リケンＮＰＲ(株),機械,3875,4.26,3,2,-3,-3,3,-2,4,3,7
東証STD,6730,(株)アクセル,電気機器,1166,4.2,3,2,-8,-17,1,-1,30,-3,7
東証PRM,9332,ＮＩＳＳＯホールディングス(株),サービス業,600,4.17,3,2,3,-3,3,0,2,-3,7
東証PRM,4538,扶桑薬品工業(株),医薬品,2223,4.05,15,6,-8,-14,7,-12,10,3,7
東証PRM,4927,(株)ポーラ・オルビスホールディングス,化学,1305,3.98,-3,-2,-3,-3,9,-21,27,3,7
東証PRM,6481,ＴＨＫ(株),機械,5801,3.17,-3,-2,-19,3,3,9,13,3,7
東証STD,208A,(株)構造計画研究所ホールディングス,情報・通信,2946,3.05,0,0,0,0,0,3,1,3,7
東証STD,8928,穴吹興産(株),不動産業,2550,2.67,9,2,3,-22,13,9,-10,3,7
東証STD,9325,ファイズホールディングス(株),倉庫・運輸関連業,1171,2.56,21,-42,15,-2,0,12,0,3,7
東証PRM,471A,ＮＳグループ(株),その他金融業,1720,4.42,3,2,4,-3,0,0,0,0,6
東証GRT,414A,(株)オーバーラップホールディングス,情報・通信,1004,4.38,6,4,4,-6,-3,0,-2,3,6
東証STD,5845,全保連(株),その他金融業,977,4.09,12,6,-6,-8,3,-2,-5,6,6
東証STD,1768,(株)ソネック,建設業,1344,3.72,3,-2,3,-28,13,11,15,-9,6
東証STD,3024,クリエイト(株),卸売業,1134,3.53,15,-38,3,3,11,13,-10,9,6
東証STD,7297,(株)カーメイト,輸送用機器,877,3.42,-9,2,-13,-8,9,-1,17,9,6
東証STD,3157,ジオリーブグループ(株),卸売業,1511,3.31,15,-38,9,-1,11,5,-10,15,6
東証PRM,6742,(株)京三製作所,電気機器,704,3.27,-3,-2,-3,-23,17,13,4,3,6
東証PRM,7520,(株)エコス,小売業,2248,3.11,9,-38,3,-9,21,7,-2,15,6
東証PRM,8167,(株)リテールパートナーズ,小売業,1295,3.09,9,-46,-3,3,15,13,18,-3,6
東証PRM,8601,(株)大和証券グループ本社,証券業,1466.5,3,9,28,-3,-23,-3,11,-10,-3,6
東証STD,7808,(株)シー・エス・ランバー,その他製品,3000,2.67,-3,-2,-9,-3,9,9,-4,9,6
福証,8398,(株)筑邦銀行,,1959,2.55,9,0,-3,-23,7,17,-10,9,6
東証STD,1798,(株)守谷商会,建設業,1220,2.46,15,-6,-3,-23,15,9,-4,3,6
東証PRM,8007,高島(株),卸売業,798,5.64,9,-34,9,-6,15,9,-6,9,5
東証PRM,167A,リョーサン菱洋ホールディングス(株),卸売業,2727,5.13,0,0,0,0,0,1,1,3,5
東証GRT,166A,(株)タスキホールディングス,不動産業,810,4.94,3,2,3,-13,3,6,-2,3,5
東証STD,9908,Ｄｅｎｋｅｉ,卸売業,2392,4.06,9,-38,9,-12,19,17,-2,3,5
東証STD,7987,ナカバヤシ(株),その他製品,569,3.87,9,-38,4,-2,11,16,8,-3,5
東証STD,5729,日本精鉱(株),非鉄金属,2220,3.83,-9,-2,3,-14,-1,9,16,3,5
東証GRT,4177,(株)ｉ－ｐｌｕｇ,情報・通信,1490,3.62,21,0,-22,1,0,1,-5,9,5
東証PRM,1873,(株)日本ハウスホールディングス,建設業,305,3.61,-3,-2,-13,-8,-3,9,10,15,5
東証PRM,7952,(株)河合楽器製作所,その他製品,2839,3.35,-3,-6,-9,-7,15,7,11,-3,5
東証STD,6743,大同信号(株),電気機器,831,3.01,3,-2,-14,-12,9,8,10,3,5
東証PRM,4392,ＦＩＧ(株),情報・通信,353,2.83,9,-6,-8,-8,3,-3,9,9,5
東証PRM,7475,アルビス(株),小売業,2507,2.79,15,-42,-3,-3,11,9,15,3,5
東証STD,2654,(株)アスモ,小売業,400,2.5,15,-34,-3,-14,7,-1,20,15,5
東証PRM,4534,持田製薬(株),医薬品,3350,2.39,3,-10,-3,-20,3,7,22,3,5
東証STD,255A,ジーエルテクノホールディングス(株),精密機器,5080,2.19,0,0,0,0,0,3,2,0,5
東証STD,4998,フマキラー(株),化学,1126,2.13,15,-38,9,-6,7,9,-6,15,5
東証STD,6694,(株)ズーム,電気機器,641,4.99,15,-6,-8,-18,9,2,7,3,4
東証PRM,7241,フタバ産業(株),輸送用機器,990,4.55,9,-34,4,9,15,8,-10,3,4
東証PRM,7944,ローランド(株),その他製品,4085,4.16,15,-2,-15,3,-1,-11,9,6,4
東証PRM,5844,(株)京都フィナンシャルグループ,銀行業,4352,4.14,3,0,3,-2,3,-4,-2,3,4
東証PRM,7915,ＮＩＳＳＨＡ(株),その他製品,1291,3.87,6,-4,-19,-3,5,3,10,6,4
東証PRM,2292,Ｓ　ＦＯＯＤＳ(株),食料品,2850,3.86,21,-50,-9,-3,21,5,10,9,4
東証STD,5458,高砂鐵工(株),鉄鋼,1049,3.81,-3,-2,-3,-2,3,4,4,3,4
東証PRM,6724,セイコーエプソン(株),電気機器,2112,3.5,-3,-6,-3,-9,13,-1,10,3,4
東証STD,7823,(株)アートネイチャー,その他製品,811,3.45,3,-6,-9,3,5,-5,10,3,4
東証PRM,5563,新日本電工(株),鉄鋼,436,2.98,-3,-2,-13,4,3,4,20,-9,4
東証PRM,2198,アイ・ケイ・ケイホールディングス(株),サービス業,809,2.97,9,-6,-8,-8,8,2,10,-3,4
東証PRM,6279,(株)瑞光,機械,879,2.28,-6,-4,-11,-11,-6,13,17,12,4
名証,8228,(株)マルイチ産商,,1154,2.08,21,-38,9,-13,17,9,2,-3,4
東証GRT,415A,ＧＭＯ　ＴＥＣＨホールディングス(株),サービス業,5450,5.07,0,0,0,0,0,1,2,0,3
東証STD,9264,ポエック(株),卸売業,1687,4.45,9,6,-2,-14,11,-2,-8,3,3
東証STD,7481,尾家産業(株),卸売業,2291,4.1,15,-42,-8,10,15,12,-2,3,3
東証PRM,9832,(株)オートバックスセブン,卸売業,1537,3.9,9,-6,3,3,5,-21,19,-9,3
東証PRM,7751,キヤノン(株),電気機器,4125,3.88,3,0,3,-3,11,-13,5,-3,3
東証STD,7040,(株)サン・ライフホールディング,サービス業,994,3.32,6,4,-11,-6,8,9,-7,0,3
東証GRT,2983,(株)アールプランナー,不動産業,1465,3.07,18,-4,6,-25,4,3,-8,9,3
東証STD,4664,ＲＳＣ,サービス業,873,2.75,15,-42,-8,4,13,12,6,3,3
東証PRM,8418,(株)山口フィナンシャルグループ,銀行業,2779,2.3,9,0,4,-22,21,-2,-10,3,3
東証STD,9846,(株)天満屋ストア,小売業,965,2.07,-3,-38,21,3,9,9,5,-3,3
東証PRM,7914,共同印刷(株),その他製品,1531,4.96,15,-38,9,-3,11,-5,10,3,2
東証PRM,256A,飛島ホールディングス(株),建設業,2051,4.88,0,0,0,0,0,3,-1,0,2
東証PRM,6349,(株)小森コーポレーション,機械,1516,4.62,3,-2,-14,-7,3,-4,20,3,2
東証STD,1853,(株)森組,建設業,320,4.38,-3,-2,3,-24,7,6,6,9,2
東証PRM,3183,ウイン・パートナーズ(株),卸売業,1262,4.28,15,-50,3,3,19,-1,10,3,2
東証GRT,192A,インテグループ(株),サービス業,1526,4.26,0,2,-10,-7,0,0,17,0,2
東証PRM,4548,生化学工業(株),医薬品,706,4.25,3,-2,-20,-3,3,-6,30,-3,2
東証PRM,1719,安藤ハザマ,建設業,1946.5,4.11,9,-2,-3,-23,17,-1,2,3,2
東証STD,7937,(株)ツツミ,その他製品,2916,3.94,-3,2,-1,-13,13,-17,30,-9,2
東証PRM,8158,ソーダニッカ(株),卸売業,1025,3.9,9,-38,15,-15,7,15,0,9,2
東証PRM,8084,(株)ＲＹＯＤＥＮ,卸売業,3500,3.89,-3,-38,9,-6,11,9,11,9,2
東証GRT,3477,フォーライフ(株),不動産業,777,3.86,9,-2,-3,-32,-2,14,9,9,2
東証PRM,2767,円谷フィールズホールディングス(株),卸売業,1424,3.51,-3,2,0,-6,5,-4,11,-3,2
東証STD,7544,(株)スリーエフ,小売業,553,3.25,3,2,-16,-18,3,3,16,9,2
東証STD,7218,田中精密工業(株),輸送用機器,1046,3.06,-9,-2,-2,-15,7,8,6,9,2
福証,7441,(株)Ｍｉｓｕｍｉ,,1720,2.91,3,-38,9,-9,17,19,10,-9,2
東証STD,7435,(株)ナ・デックス,卸売業,1083,2.86,3,-2,-3,-8,-3,11,13,-9,2
福証,272A,(株)グリーンクロスホールディングス,,1380,2.68,0,0,0,0,0,1,1,0,2
東証PRM,7186,(株)横浜フィナンシャルグループ,銀行業,1526,2.49,0,0,0,-21,16,10,-9,6,2
東証STD,3935,(株)エディア,情報・通信,685,2.48,15,2,-23,-12,3,2,12,3,2
東証STD,5204,石塚硝子(株),ガラス・土石製品,2919,2.47,-3,2,-3,-9,9,7,-10,9,2
東証STD,5969,(株)ロブテックス,金属製品,1232,2.44,-15,-2,-9,9,5,1,10,3,2
東証STD,4645,(株)市進ホールディングス,サービス業,426,2.35,3,-2,-3,-9,3,11,-10,9,2
東証STD,9959,アシードホールディングス(株),小売業,865,2.31,9,-42,9,-3,17,13,-10,9,2
東証PRM,6140,旭ダイヤモンド工業(株),機械,1314,2.28,-3,-6,-14,-8,1,4,25,3,2
東証PRM,2730,(株)エディオン,小売業,2119,2.22,15,-42,-3,9,19,5,8,-9,2
東証STD,6757,(株)ＯＳＧコーポレーション,電気機器,848,4.72,6,-4,-5,-16,10,-7,5,12,1
東証STD,4367,広栄化学(株),化学,2151,3.72,15,-34,-3,-2,9,1,18,-3,1
東証PRM,8750,(株)第一ライフグループ,保険業,1444,3.6,3,0,3,-24,21,-7,-10,15,1
東証PRM,2613,(株)Ｊ－オイルミルズ,食料品,1964,3.56,-3,-30,15,-7,9,13,13,-9,1
東証STD,7809,(株)壽屋,その他製品,1332,3.38,-3,-8,-9,3,7,9,-1,3,1
東証PRM,1762,(株)高松コンストラクショングループ,建設業,3455,2.6,21,-42,9,-18,19,5,10,-3,1
東証PRM,8360,(株)山梨中央銀行,銀行業,5500,2.15,-3,0,3,-22,5,19,-10,9,1
東証STD,4235,ウルトラファブリックス・ホールディングス(株),化学,670,5.22,3,-6,-9,15,-6,1,-1,3,0
東証STD,6257,(株)藤商事,機械,975,5.13,-3,-2,-24,-11,7,2,28,3,0
東証STD,3467,アグレ都市デザイン(株),不動産業,2324,4.73,21,-2,-3,-38,3,20,-10,9,0
東証GRT,7371,Ｚｅｎｋｅｎ(株),サービス業,682,3.81,-3,0,-8,-5,-4,-3,20,3,0
東証PRM,4502,武田薬品工業(株),医薬品,5289,3.78,15,-2,-3,9,11,-21,6,-15,0
東証PRM,5208,(株)有沢製作所,化学,2741,3.54,3,-6,-9,-3,-5,-3,20,3,0
東証PRM,8173,(株)Ｊｏｓｈｉｎ,小売業,2890,3.46,-3,-38,-3,3,15,3,8,15,0
東証STD,8085,ナラサキ産業(株),卸売業,4325,3.01,9,-46,9,-3,21,9,-8,9,0
東証STD,4920,(株)日本色材工業研究所,化学,1159,2.59,21,-38,-2,3,3,8,-10,15,0
東証GRT,9257,ＹＣＰホールディングス（グローバル）,サービス業,750,2.55,0,0,0,0,0,0,0,0,0
東証PRM,2282,日本ハム(株),食料品,6568,2.44,3,-38,3,-3,13,3,10,9,0
東証PRM,7381,(株)ＣＣＩグループ,銀行業,952,2.42,3,0,-3,-2,9,-6,-4,3,0
東証PRM,7731,(株)ニコン,精密機器,1705.5,2.35,-9,-6,-3,-3,7,1,10,3,0
東証STD,8045,横浜丸魚(株),卸売業,1565,2.17,-9,-38,9,-13,15,7,20,9,0
東証STD,5015,ビーピー・カストロール(株),石油・石炭製品,1000,5,3,6,3,-3,-1,-27,21,-3,-1
東証STD,4635,東京インキ(株),化学,1301,4.84,3,-38,3,-8,11,9,10,9,-1
東証PRM,1898,世紀東急工業(株),建設業,1487,4.71,3,2,3,-14,9,-5,4,-3,-1
東証STD,6882,(株)三社電機製作所,電気機器,1041,3.84,3,-2,-2,-8,3,-6,20,-9,-1
名証,391A,(株)山忠,,2491,3.53,-3,0,9,-6,7,0,-5,-3,-1
東証PRM,3036,アルコニックス(株),卸売業,2530,3.32,9,-2,-9,-2,19,3,-10,-9,-1
東証STD,9872,北恵(株),卸売業,884,3.17,-3,-42,9,-18,7,27,10,9,-1
東証PRM,3475,(株)グッドコムアセット,不動産業,1537,2.99,9,-6,-3,-34,21,5,-2,9,-1
東証PRM,9509,北海道電力(株),電気・ガス業,1037,2.89,-3,2,-2,-8,7,4,-10,9,-1
東証PRM,8359,(株)八十二長野銀行,銀行業,2168,2.77,9,0,-9,-12,7,5,-10,9,-1
東証STD,3054,(株)ハイパー,卸売業,264,2.65,9,-30,4,-8,7,8,0,9,-1
東証PRM,7844,(株)マーベラス,情報・通信,463,2.59,-9,-6,-14,-8,5,7,21,3,-1
東証PRM,9202,ＡＮＡホールディングス(株),空運業,2629,2.28,9,2,-2,-19,10,8,-6,-3,-1
東証GRT,3550,(株)スタジオアタオ,小売業,224,2.23,9,-34,5,-7,3,-6,20,9,-1
東証PRM,7167,(株)めぶきフィナンシャルグループ,銀行業,1319.5,2.12,9,0,3,-18,9,3,-10,3,-1
東証PRM,8012,長瀬産業(株),卸売業,1208,2.07,3,-42,-3,-8,21,9,10,9,-1
東証STD,2408,(株)ＫＧ情報,サービス業,761,4.86,-9,24,-18,-23,7,-2,28,-9,-2
東証PRM,7128,ユニソルホールディングス(株),卸売業,2195,4.6,0,-4,3,4,-3,-10,5,3,-2
東証STD,2373,(株)ケア２１,サービス業,425,4,21,-38,4,9,7,2,-10,3,-2
東証STD,7213,レシップホールディングス(株),輸送用機器,504,3.97,15,2,-12,-13,13,-2,-8,3,-2
東証PRM,8051,(株)山善,卸売業,1544,3.37,3,-46,3,3,13,7,0,15,-2
東証PRM,7211,三菱自動車(株),輸送用機器,319,3.13,3,-6,-13,-7,6,4,2,9,-2
東証STD,5571,エキサイトホールディングス(株),情報・通信,1117,2.82,9,2,-16,-5,-3,-2,-2,15,-2
東証PRM,5019,出光興産(株),石油・石炭製品,1348,2.67,9,-2,-19,-7,13,5,-10,9,-2
東証STD,3035,ケイティケイ(株),卸売業,783,2.55,3,-30,3,-13,13,13,0,9,-2
東証PRM,8016,(株)オンワードホールディングス,繊維製品,744,4.44,3,2,-2,-8,11,0,6,-15,-3
東証PRM,1833,(株)奥村組,建設業,6140,4.3,9,-2,-3,-12,3,1,10,-9,-3
東証STD,7896,セブン工業(株),その他製品,502,3.98,15,-38,-2,-14,15,6,12,3,-3
東証STD,7702,(株)ＪＭＳ,精密機器,440,3.86,15,-42,-2,3,5,5,10,3,-3
東証PRM,9405,朝日放送グループホールディングス(株),情報・通信,847,3.54,15,-46,-8,-8,-3,20,12,15,-3
東証PRM,5857,ＡＲＥホールディングス(株),非鉄金属,3645,3.43,9,2,-8,-18,9,6,0,-3,-3
東証STD,7057,(株)エヌ・シー・エヌ,サービス業,940,3.3,15,-40,9,1,13,5,-9,3,-3
東証STD,8887,(株)シーラホールディングス,不動産業,384,3.13,3,-6,-8,-18,3,2,18,3,-3
東証PRM,1333,Ｕｍｉｏｓ(株),水産・農林業,1340.5,3.03,9,-42,15,-14,11,13,-10,15,-3
東証PRM,7184,(株)富山第一銀行,銀行業,2668,2.92,9,0,-3,-34,13,13,-10,9,-3
東証GRT,339A,プログレス・テクノロジーズ　グループ(株),サービス業,1030,2.91,9,-4,-8,0,0,0,-3,3,-3
名証,9040,大宝運輸(株),,4270,2.34,3,-46,-9,-3,7,11,19,15,-3
東証STD,7883,サンメッセ(株),その他製品,366,2.19,-3,-38,9,3,7,11,11,-3,-3
東証PRM,2429,(株)ワールドホールディングス,サービス業,2551,5.34,15,-46,9,-11,9,15,-10,15,-4
東証STD,7971,東リ(株),化学,651,5.22,3,-38,3,-3,17,13,10,-9,-4
東証PRM,7433,伯東(株),卸売業,4145,4.83,15,-2,-9,-23,9,-5,14,-3,-4
東証STD,3423,(株)エスイー,金属製品,272,4.78,9,-2,3,-13,3,1,-2,-3,-4
東証STD,3611,(株)マツオカコーポレーション,繊維製品,2114,4.26,3,-46,3,-8,11,6,6,21,-4
東証PRM,8101,(株)ＧＳＩクレオス,卸売業,2448,4.17,3,-38,9,-1,21,7,-8,3,-4
東証PRM,6523,ＰＨＣホールディングス(株),電気機器,1012,4.15,12,0,-14,12,-3,0,-8,-3,-4
東証PRM,3405,(株)クラレ,化学,1659,3.86,3,-6,-14,-9,9,4,12,-3,-4
東証STD,3166,ＯＣＨＩホールディングス(株),卸売業,1411,3.83,9,-46,-3,-3,19,9,-10,21,-4
東証STD,6867,リーダー電子(株),電気機器,410,3.66,9,-38,-6,-12,14,3,23,3,-4
東証STD,7878,(株)光・彩,その他製品,912,3.29,12,-32,-4,-15,6,9,14,6,-4
東証STD,7509,アイエーグループ(株),小売業,4575,3.28,-3,6,-8,-9,3,14,8,-15,-4
東証PRM,7337,(株)ひろぎんホールディングス,銀行業,1889,3.07,9,0,3,-16,9,2,-5,-6,-4
東証PRM,5831,(株)しずおかフィナンシャルグループ,銀行業,2803,2.85,0,0,6,-10,6,3,-3,-6,-4
東証PRM,3101,東洋紡(株),化学,1422,2.81,15,2,-13,-9,9,3,-8,-3,-4
東証STD,2469,ヒビノ(株),サービス業,3195,2.5,9,-2,-9,-13,9,15,-10,-3,-4
東証PRM,6395,(株)タダノ,機械,1399,2.43,6,-8,-6,-27,12,19,12,-12,-4
東証STD,2376,(株)サイネックス,サービス業,653,2.3,9,-42,3,-13,11,11,14,3,-4
東証PRM,7004,カナデビア(株),機械,1224,2.04,15,-34,3,-7,13,7,-10,9,-4
東証PRM,8613,丸三証券(株),証券業,1048,6.68,3,28,3,-23,-5,-22,14,-3,-5
東証STD,2411,ゲンダイエージェンシー(株),情報・通信,462,5.41,-9,2,-3,-2,9,-19,20,-3,-5
東証STD,7480,スズデン(株),卸売業,1731,4.74,-3,-6,3,4,-3,-25,16,9,-5
東証PRM,4544,Ｈ．Ｕ．グループホールディングス(株),サービス業,3192,3.92,-9,-6,-18,3,11,-8,13,9,-5
東証PRM,7613,シークス(株),卸売業,1278,3.91,-3,-46,-9,4,21,3,4,21,-5
東証PRM,8137,サンワテクノス(株),卸売業,3180,3.77,-3,-42,-9,-12,17,11,6,27,-5
東証PRM,8043,スターゼン(株),卸売業,1143,3.76,15,-42,9,-8,13,7,4,-3,-5
東証PRM,5702,(株)大紀アルミニウム工業所,非鉄金属,1491,3.69,3,2,3,-34,13,3,2,3,-5
東証STD,7314,(株)小田原機器,輸送用機器,1195,3.35,3,-2,-18,-23,11,12,15,-3,-5
東証STD,2735,(株)ワッツ,小売業,600,3.33,21,-42,-3,-8,9,5,10,3,-5
東証STD,9731,(株)白洋舍,サービス業,3400,2.94,9,-2,-13,-1,5,4,-10,3,-5
東証PRM,7182,(株)ゆうちょ銀行,銀行業,2696.5,2.6,-3,0,3,-18,13,-5,-10,15,-5
東証PRM,8079,正栄食品工業(株),卸売業,4070,2.21,9,-38,3,-14,17,5,10,3,-5
東証PRM,2296,伊藤ハム米久ホールディングス(株),食料品,5290,6.05,18,-48,-12,0,12,10,14,0,-6
東証PRM,7239,(株)タチエス,輸送用機器,2086,4.98,3,-38,-7,-19,21,15,10,9,-6
東証PRM,6445,(株)ジャノメ,機械,1131,4.86,-15,-2,-8,-3,6,0,13,3,-6
東証PRM,4249,森六(株),化学,2418,4.76,9,-42,-14,3,17,2,10,9,-6
東証STD,5210,日本山村硝子(株),ガラス・土石製品,3160,4.75,3,-6,-12,3,7,-2,10,-9,-6
東証PRM,6413,理想科学工業(株),機械,1066,4.69,-3,-6,-3,-3,1,-21,20,9,-6
東証PRM,9101,日本郵船(株),海運業,5662,3.97,-3,-2,-7,9,3,2,1,-9,-6
東証STD,8119,(株)三栄コーポレーション,卸売業,799,3.88,-3,6,-13,-13,7,-3,10,3,-6
東証STD,8789,フィンテック　グローバル(株),その他金融業,129,3.88,3,6,-10,-21,3,4,0,9,-6
東証PRM,8370,(株)紀陽銀行,銀行業,4245,3.23,9,0,3,-17,11,7,-10,-9,-6
東証STD,5990,(株)スーパーツール,金属製品,1999,3,-9,-2,-20,-23,7,22,22,-3,-6
東証STD,4242,(株)タカギセイコー,化学,1830,2.73,3,-2,-7,-3,13,3,-10,-3,-6
東証PRM,8714,(株)池田泉州ホールディングス,銀行業,938,2.56,-3,0,-9,-11,9,3,-10,15,-6
東証PRM,8058,三菱商事(株),卸売業,4913,2.24,-3,-42,4,9,21,10,-8,3,-6
東証STD,6155,高松機械工業(株),機械,498,2.01,-9,-2,-19,-14,11,11,19,-3,-6
東証PRM,8388,(株)阿波銀行,銀行業,6490,2,-3,0,-3,-17,9,15,-10,3,-6
東証STD,365A,伊澤タオル(株),繊維製品,725,5.79,3,-2,-2,-3,-3,0,0,0,-7
東証PRM,5541,大平洋金属(株),鉄鋼,2656,4.52,-9,2,-27,-10,-3,1,30,9,-7
東証PRM,8093,極東貿易(株),卸売業,1879,3.94,9,-34,3,-18,15,-7,10,15,-7
東証PRM,6817,スミダコーポレーション(株),電気機器,1348,3.93,3,-10,-9,9,1,6,-10,3,-7
東証PRM,2004,昭和産業(株),食料品,3080,3.25,-3,-38,3,-14,17,15,10,3,-7
東証STD,6989,北陸電気工業(株),電気機器,2781,3.24,3,2,-9,-18,9,3,-6,9,-7
東証STD,5609,日本鋳造(株),鉄鋼,886,2.82,3,-6,-14,-2,-1,0,10,3,-7
東証PRM,6471,日本精工(株),機械,1222,2.78,-3,-2,-3,-3,11,-8,10,-9,-7
東証STD,5820,(株)三ッ星,非鉄金属,808,2.1,3,-46,4,4,1,14,10,3,-7
東証PRM,8395,(株)佐賀銀行,銀行業,5240,2.1,3,0,3,-28,11,17,-10,-3,-7
東証PRM,7593,ＶＴホールディングス(株),小売業,482,4.98,15,-50,-9,15,11,11,-10,9,-8
東証STD,1966,(株)高田工業所,建設業,1823,3.84,9,6,9,-18,-20,1,-4,9,-8
東証PRM,8425,みずほリース(株),その他金融業,1444,3.46,3,6,15,-53,21,13,-10,-3,-8
東証STD,6778,(株)アルチザネットワークス,電気機器,641,3.12,-3,-2,-18,-13,2,0,23,3,-8
東証PRM,8344,(株)山形銀行,銀行業,2563,3.04,3,0,-9,-15,5,15,-10,3,-8
東証STD,8225,(株)タカチホ,卸売業,3350,2.99,3,-2,-8,-13,6,7,-4,3,-8
東証PRM,8065,佐藤商事(株),卸売業,2738,2.78,3,-42,9,-13,19,15,-8,9,-8
東証STD,3377,(株)バイク王＆カンパニー,卸売業,397,2.77,15,-30,-1,-6,7,1,15,-9,-8
東証GRT,5870,(株)ナルネットコミュニケーションズ,サービス業,990,2.73,9,-2,-8,-3,1,0,-5,0,-8
名証,7870,福島印刷(株),,390,2.56,3,-42,-3,9,5,-3,20,3,-8
東証STD,8944,(株)ランドビジネス,不動産業,235,2.55,3,-6,-7,-13,7,21,-10,-3,-8
東証STD,2668,タビオ(株),卸売業,1246,2.41,9,-38,3,-2,7,-5,15,3,-8
東証STD,287A,黒田グループ(株),卸売業,950,6.42,-3,0,-8,0,0,-3,-4,9,-9
東証PRM,5406,(株)神戸製鋼所,鉄鋼,1895.5,4.22,9,-6,-12,-3,4,10,-8,-3,-9
東証PRM,2060,フィード・ワン(株),食料品,1091,3.85,3,-38,3,-14,15,7,0,15,-9
東証STD,2790,(株)ナフコ,小売業,2172,2.67,-15,-10,-3,-14,11,1,18,3,-9
東証PRM,5020,ＥＮＥＯＳホールディングス(株),石油・石炭製品,1300.5,2.61,-3,2,-13,-8,15,-1,-10,9,-9
札証,2172,(株)インサイト,,393,2.29,3,-2,-3,-24,1,-5,12,9,-9
東証PRM,5408,(株)中山製鋼所,鉄鋼,607,2.14,-3,-6,-9,-8,4,3,19,-9,-9
東証GRT,2937,(株)サンクゼール,食料品,1659,2.11,15,-6,-8,-6,3,-3,-1,-3,-9
東証PRM,7236,(株)ティラド,輸送用機器,9610,8.32,15,-38,-2,-3,9,2,10,-3,-10
東証PRM,6089,(株)ウィルグループ,サービス業,1152,3.82,15,-42,3,-3,15,9,-10,3,-10
東証PRM,6584,三桜工業(株),輸送用機器,739,3.79,15,-6,-12,-9,9,-6,-4,3,-10
東証STD,7827,(株)オービス,その他製品,1655,3.75,3,-2,-9,-13,9,9,-4,-3,-10
東証STD,7619,田中商事(株),卸売業,841,3.69,3,-46,3,-3,7,7,10,9,-10
東証PRM,5201,ＡＧＣ(株),ガラス・土石製品,5754,3.65,-3,-6,-7,-3,13,1,10,-15,-10
東証PRM,6958,日本ＣＭＫ(株),電気機器,629,3.18,15,-38,-13,3,6,4,10,3,-10
東証PRM,1860,戸田建設(株),建設業,1445,3.11,9,-34,9,-23,19,5,2,3,-10
東証STD,7813,(株)プラッツ,その他製品,837,2.87,15,-34,-2,-19,7,4,10,9,-10
東証STD,6059,(株)ウチヤマホールディングス,サービス業,354,2.82,21,-42,-1,-7,5,-3,8,9,-10
東証PRM,7130,ヤマエグループホールディングス(株),卸売業,2889,2.77,9,-42,3,9,9,0,-4,6,-10
東証STD,3202,ダイトウボウ(株),繊維製品,126,2.38,3,-2,3,-8,6,1,-10,-3,-10
東証STD,7115,(株)アルファパーチェス,卸売業,1611,2.3,6,-42,12,-3,13,6,-8,6,-10
東証STD,8138,三京化成(株),卸売業,4390,2.28,15,-38,9,-17,5,7,12,-3,-10
札証,3055,(株)ほくやく・竹山ホールディングス,,918,2.18,15,-42,-9,-13,7,17,6,9,-10
東証STD,3417,大木ヘルスケアホールディングス(株),卸売業,1336,2.1,21,-34,15,-29,21,9,-10,-3,-10
東証PRM,7414,小野建(株),卸売業,1402,4.92,3,-6,-9,-24,1,17,10,-3,-11
東証STD,7722,国際計測器(株),精密機器,820,4.27,3,-2,-13,-19,7,-3,13,3,-11
東証STD,6316,(株)丸山製作所,機械,2369,3.17,3,-38,3,-2,13,3,10,-3,-11
東証PRM,6794,フォスター電機(株),電気機器,3055,2.62,3,-38,-1,-8,9,7,14,3,-11
東証STD,2286,林兼産業(株),食料品,879,4.89,9,-38,15,-14,10,11,-8,3,-12
東証STD,6138,ダイジェット工業(株),機械,1072,3.73,3,-42,-8,9,3,10,10,3,-12
東証PRM,7242,カヤバ(株),輸送用機器,4495,3.34,3,-6,-18,-2,-8,8,2,9,-12
東証PRM,6473,(株)ジェイテクト,機械,1809.5,3.32,3,-42,-8,3,13,6,10,3,-12
東証PRM,8133,伊藤忠エネクス(株),卸売業,1989,3.12,-3,-38,21,-3,21,3,-10,-3,-12
東証STD,8144,(株)デンキョーグループホールディングス,卸売業,1336,2.99,9,-42,-9,-7,-5,7,20,15,-12
東証PRM,3662,(株)エイチームホールディングス,情報・通信,1013,2.76,-5,-34,-1,-2,9,1,17,3,-12
東証PRM,1332,(株)ニッスイ,水産・農林業,1236.5,2.59,9,-38,9,-15,19,13,-6,-3,-12
東証PRM,2384,ＳＢＳホールディングス(株),陸運業,4095,2.56,15,-46,-3,9,15,5,-10,3,-12
東証STD,5283,(株)高見澤,卸売業,3315,2.11,15,-38,-3,-3,9,9,-10,9,-12
東証GRT,6561,(株)ＨＡＮＡＴＯＵＲ　ＪＡＰＡＮ,サービス業,793,5.3,3,-2,-18,0,5,8,-6,-3,-13
東証STD,1822,大豊建設(株),建設業,751,4.53,3,-2,-2,-12,7,-4,6,-9,-13
東証STD,9248,人・夢・技術グループ(株),サービス業,1546,3.88,9,-2,-8,-13,3,-3,4,-3,-13
東証PRM,5981,東京製綱(株),金属製品,1720,3.78,-9,-6,-8,-3,12,10,-6,-3,-13
東証PRM,9506,東北電力(株),電気・ガス業,1157,3.46,3,-6,-19,-14,11,13,-10,9,-13
東証STD,4245,(株)ダイキアクシス,化学,703,3.41,9,-34,3,-2,9,3,-10,9,-13
東証PRM,8399,(株)琉球銀行,銀行業,2595,3.39,15,0,-3,-38,9,17,-10,-3,-13
東証STD,6546,フルテック(株),サービス業,1162,2.93,3,-42,-3,-2,13,3,12,3,-13
東証STD,8995,(株)誠建設工業,不動産業,975,2.56,-3,-6,-3,-39,7,9,19,3,-13
東証GRT,9326,関通ホールディングス(株),倉庫・運輸関連業,414,2.42,21,-6,-7,-19,3,-1,-10,6,-13
東証STD,9385,(株)ショーエイコーポレーション,化学,698,5.01,9,-42,-2,-1,13,6,-6,9,-14
東証STD,5199,不二ラテックス(株),ゴム製品,1953,4.1,-3,-6,-13,3,5,7,-10,3,-14
東証PRM,1301,(株)極洋,水産・農林業,4550,3.3,15,-34,9,-23,15,11,-10,3,-14
東証STD,4838,スペースシャワーＳＫＩＹＡＫＩホールディングス(株),情報・通信,739,3.25,15,-38,-15,3,9,-7,10,9,-14
東証STD,7287,日本精機(株),輸送用機器,2542,3.15,15,-38,5,-19,11,-3,12,3,-14
東証PRM,3678,(株)メディアドゥ,情報・通信,1282,3.12,9,-46,-13,9,13,7,-8,15,-14
東証STD,2722,(株)ＩＫホールディングス,小売業,387,2.33,3,-30,5,-13,13,11,-6,3,-14
東証STD,4350,(株)メディカルシステムネットワーク,小売業,515,2.33,21,-42,-14,3,9,10,-10,9,-14
東証STD,5742,エヌアイシ・オートテック(株),非鉄金属,756,5.42,-3,-42,-13,10,11,1,12,9,-15
東証PRM,5989,(株)エイチワン,金属製品,1270,5.04,-3,-2,-18,-9,11,5,-8,9,-15
東証STD,8230,(株)はせがわ,小売業,317,4.73,-9,-2,-8,-19,7,10,15,-9,-15
東証STD,407A,(株)ＵＮＩＣＯＮホールディングス,建設業,972,4.63,0,0,-7,-5,-3,-3,6,-3,-15
東証PRM,6047,(株)Ｇｕｎｏｓｙ,サービス業,522,4.21,-3,-2,-13,-22,0,0,28,-3,-15
名証,8071,東海エレクトロニクス(株),,2856,3.99,-3,-42,-3,-23,15,13,13,15,-15
東証STD,3241,(株)ウィル,不動産業,602,3.9,21,-6,-3,-38,11,15,-6,-9,-15
東証STD,2892,日本食品化工(株),食料品,3965,3.66,-9,-6,-9,-8,1,9,10,-3,-15
東証STD,1994,高橋カーテンウォール工業(株),建設業,560,3.57,-9,-2,-3,-18,5,-7,22,-3,-15
東証PRM,4666,パーク２４(株),不動産業,1896,3.43,15,-6,-8,-3,8,-10,-8,-3,-15
東証PRM,9831,(株)ヤマダホールディングス,小売業,522.8,3.25,3,-42,-3,4,3,7,10,3,-15
名証,6111,旭精機工業(株),,2266,2.65,9,-46,-3,-2,5,11,20,-9,-15
東証GRT,9165,(株)クオルテック,サービス業,1470,2.52,0,-2,-17,0,-2,0,9,-3,-15
東証STD,4629,大伸化学(株),化学,1997,2,3,-42,-3,-13,9,11,17,3,-15
東証STD,5962,浅香工業(株),その他製品,1948,4.62,-3,-38,-3,4,3,1,11,9,-16
東証STD,9268,(株)オプティマスグループ,卸売業,459,3.92,3,-6,-8,-34,9,13,-2,9,-16
東証PRM,8304,(株)あおぞら銀行,銀行業,2534.5,3.47,15,0,-14,-24,3,11,-10,3,-16
東証STD,1904,大成温調(株),建設業,5200,3.35,9,-34,9,-12,17,-9,13,-9,-16
東証STD,6336,(株)石井表記,機械,1126,3.2,-6,-4,-12,6,-2,2,0,0,-16
東証STD,6551,(株)ツナググループ・ホールディングス,サービス業,659,3.03,21,-42,-8,-2,10,2,-6,9,-16
東証PRM,8566,リコーリース(株),その他金融業,6140,3.01,15,-2,9,-49,21,15,-10,-15,-16
東証PRM,8253,(株)クレディセゾン,その他金融業,4389,2.96,21,-2,-3,-59,15,7,-10,15,-16
東証PRM,8194,(株)ライフコーポレーション,小売業,2576,2.72,15,-46,9,-7,13,5,-2,-3,-16
東証PRM,8276,(株)平和堂,小売業,2663,2.48,6,-48,-6,0,6,8,12,6,-16
東証STD,7850,総合商研(株),その他製品,896,2.23,9,-38,-7,9,9,9,-10,3,-16
東証STD,4918,(株)アイビー化粧品,化学,324,4.63,-3,2,-18,-7,0,-2,2,9,-17
東証GRT,5834,ＳＢＩリーシングサービス(株),証券業,2487,4.32,9,-2,-7,-15,6,0,-5,-3,-17
東証STD,6189,(株)グローバルキッズＣＯＭＰＡＮＹ,サービス業,1010,3.96,21,-42,-13,3,9,-6,8,3,-17
東証STD,7939,(株)研創,その他製品,563,3.91,3,-6,-9,-24,9,5,2,3,-17
東証PRM,1887,日本国土開発(株),建設業,590,3.9,-3,-2,-2,-18,5,4,8,-9,-17
東証STD,3246,(株)コーセーアールイー,不動産業,647,3.71,-6,0,0,-31,2,10,8,0,-17
東証PRM,6298,ワイエイシイホールディングス(株),機械,1158,3.45,3,2,-8,-23,9,5,-2,-3,-17
東証PRM,7259,(株)アイシン,輸送用機器,2305,2.82,9,-38,3,3,9,2,-2,-3,-17
東証GRT,3680,(株)ホットリンク,情報・通信,223,2.78,3,-2,-29,-8,0,1,15,3,-17
東証PRM,1893,五洋建設(株),建設業,1816.5,2.42,21,-34,9,-24,17,1,-10,3,-17
東証STD,1810,松井建設(株),建設業,1547,4.85,21,-50,-3,-23,19,3,12,3,-18
東証STD,7879,(株)ノダ,その他製品,681,4.41,-9,-10,-13,-9,-1,9,6,9,-18
東証STD,9445,(株)フォーバルテレコム,情報・通信,546,4.21,15,-42,-2,5,13,12,-10,-9,-18
東証PRM,4968,荒川化学工業(株),化学,1257,3.98,-9,-42,-7,4,15,7,11,3,-18
東証STD,3392,デリカフーズホールディングス(株),卸売業,859,2.91,21,-42,-8,9,9,12,-10,-9,-18
東証PRM,9536,西部ガスホールディングス(株),電気・ガス業,2457,2.85,3,-46,3,3,9,5,-10,15,-18
東証STD,7042,(株)アクセスグループ・ホールディングス,サービス業,613,2.77,3,-2,-2,-28,13,1,-6,3,-18
東証STD,2700,木徳神糧(株),卸売業,1869,2.68,15,-38,3,-23,13,5,-8,15,-18
東証PRM,3199,綿半ホールディングス(株),小売業,1428,2.1,15,-38,9,-23,21,5,-10,3,-18
東証PRM,8624,いちよし証券(株),証券業,1438,6.12,-9,-2,-8,-8,-1,-13,19,3,-19
東証STD,6658,シライ電子工業(株),電気機器,683,5.12,3,-6,-13,3,12,-1,-8,-9,-19
東証STD,5603,虹技(株),鉄鋼,1355,3.69,9,-38,9,-24,9,7,-6,15,-19
東証PRM,7955,クリナップ(株),その他製品,895,3.46,3,-42,-8,-3,11,-3,20,3,-19
東証STD,8542,(株)トマト銀行,銀行業,1585,3.15,3,0,3,-22,-5,3,-10,9,-19
東証GRT,3261,(株)グランディーズ,不動産業,450,3.33,3,-6,-2,-38,11,2,13,-3,-20
東証STD,5909,(株)コロナ,金属製品,945,2.96,9,-42,-3,-7,7,-7,20,3,-20
東証PRM,8367,(株)南都銀行,銀行業,1516,2.7,9,0,-3,-39,13,7,-10,3,-20
東証PRM,5535,ミガロホールディングス(株),不動産業,325,2.62,3,0,-3,-13,-3,1,-2,-3,-20
東証STD,4334,(株)ユークス,情報・通信,391,2.56,-6,-4,-21,-14,2,5,12,6,-20
東証STD,1514,住石ホールディングス(株),鉱業,783,2.55,-3,-6,3,-18,-31,6,26,3,-20
東証PRM,9064,ヤマトホールディングス(株),陸運業,1802.5,2.55,15,-50,-3,-3,7,1,10,3,-20
東証STD,3577,東海染工(株),繊維製品,993,2.52,-3,-46,-13,3,5,9,10,15,-20
福証,5953,昭和鉄工(株),,6250,2.4,3,2,-8,-2,3,-3,-6,-9,-20
東証STD,7800,(株)アミファ,その他製品,1235,2.11,15,-44,-8,-15,7,11,17,-3,-20
東証PRM,1852,(株)淺沼組,建設業,951,4.73,9,-34,9,-18,15,-3,-2,3,-21
東証PRM,4410,ハリマ化成グループ(株),化学,916,4.59,3,-42,-2,-2,17,2,6,-3,-21
東証PRM,7231,トピー工業(株),輸送用機器,2998,4.34,-3,-42,-2,-2,11,2,6,9,-21
東証PRM,9788,(株)ナック,サービス業,519,4.24,3,10,-8,-13,3,-12,5,-9,-21
東証STD,3434,(株)アルファ,金属製品,1217,4.11,9,-46,-12,-3,13,-1,10,9,-21
東証STD,6147,(株)ヤマザキ,機械,274,3.65,9,-34,-6,-7,7,-1,2,9,-21
東証STD,7266,(株)今仙電機製作所,輸送用機器,868,3.11,1,-38,-12,4,5,2,14,3,-21
東証STD,8383,(株)鳥取銀行,銀行業,1626,3.08,-3,0,-3,-34,3,17,-10,9,-21
東証STD,8077,トルク(株),卸売業,212,2.83,9,-34,4,-18,7,12,2,-3,-21
名証,1892,徳倉建設(株),,7100,2.82,9,-38,3,-18,13,11,-10,9,-21
東証STD,2139,(株)中広,サービス業,510,2.35,3,-46,-8,-6,14,9,4,9,-21
東証STD,9733,(株)ナガセ,サービス業,2335,6.42,3,-6,-3,-9,9,3,-10,-9,-22
東証PRM,5949,ユニプレス(株),輸送用機器,1327,4.52,-3,-34,-12,-3,17,6,10,-3,-22
東証PRM,2737,(株)トーメンデバイス,卸売業,14640,4.1,3,-38,9,-17,13,13,-2,-3,-22
東証PRM,6875,(株)メガチップス,電気機器,10070,2.48,-3,2,-29,-18,7,1,9,9,-22
東証STD,9355,(株)リンコーコーポレーション,倉庫・運輸関連業,2220,2.48,3,-42,3,-3,11,1,2,3,-22
東証STD,5974,中国工業(株),金属製品,848,2.36,3,-42,9,-7,13,13,-8,-3,-22
東証STD,6347,(株)プラコー,機械,300,2,-3,2,-7,-18,3,2,2,-3,-22
東証STD,3553,共和レザー(株),化学,921,5.65,-3,-42,-9,-3,1,7,17,9,-23
東証PRM,8103,明和産業(株),卸売業,773,4.92,3,-42,3,-12,11,-5,10,9,-23
東証STD,2984,ヤマイチエステート(株),不動産業,696,4.31,9,-6,-8,-18,3,0,-9,6,-23
東証STD,7129,ミアヘルサホールディングス(株),小売業,1115,2.69,9,-38,-3,3,5,2,-4,3,-23
東証STD,5952,アマテイ(株),金属製品,187,2.67,15,-34,-8,-13,7,5,-10,15,-23
東証PRM,9147,ＮＩＰＰＯＮ　ＥＸＰＲＥＳＳホールディングス(株),陸運業,4202,2.38,0,-4,-9,0,-1,-6,-3,0,-23
東証PRM,8346,(株)東邦銀行,銀行業,689,2.32,3,0,-3,-32,1,15,-10,3,-23
東証STD,9376,(株)ユーラシア旅行社,サービス業,853,5.86,15,-38,-17,-22,6,-3,20,15,-24
東証STD,9363,(株)大運,倉庫・運輸関連業,495,3.03,15,-42,-13,-3,5,-1,12,3,-24
東証PRM,9612,(株)ラックランド,サービス業,1445,2.77,3,-2,-18,-16,3,-1,-8,15,-24
東証PRM,3048,(株)ビックカメラ,小売業,1621.5,2.65,15,-42,3,3,9,7,-10,-9,-24
東証STD,3537,昭栄薬品(株),卸売業,1587,2.46,3,-38,-3,-17,13,11,10,-3,-24
東証STD,4925,(株)ハーバー研究所,化学,1696,2.36,3,-34,-12,-14,11,6,19,-3,-24
東証STD,3079,ディーブイエックス(株),卸売業,1026,4.87,15,-50,-3,-8,13,7,-2,3,-25
東証PRM,8091,ニチモウ(株),卸売業,2302,4.34,15,-42,-8,-12,15,14,-10,3,-25
東証PRM,2108,日本甜菜製糖(株),食料品,4035,3.97,3,-42,9,-12,9,-9,20,-3,-25
東証PRM,8585,(株)オリエントコーポレーション,その他金融業,1018,3.93,15,-6,-9,-27,1,2,-10,9,-25
東証STD,2435,(株)シダー,サービス業,217,3.69,21,-38,-6,3,6,2,-10,-3,-25
東証STD,5271,(株)トーヨーアサノ,ガラス・土石製品,2341,3.63,3,2,-13,-8,7,3,-10,-9,-25
東証STD,8030,中央魚類(株),卸売業,3760,3.19,3,-42,9,-2,9,3,-8,3,-25
東証PRM,9511,沖縄電力(株),電気・ガス業,1021,2.94,9,-38,4,-8,13,8,-10,-3,-25
東証PRM,1720,東急建設(株),建設業,1515,2.64,3,-38,-2,-6,13,2,-6,9,-25
東証STD,3160,(株)大光,卸売業,591,2.54,15,-42,-3,-8,21,5,-10,-3,-25
東証STD,7446,東北化学薬品(株),卸売業,4340,2.42,3,-42,3,-12,7,13,-6,9,-25
東証STD,2666,(株)オートウェーブ,小売業,166,2.41,9,-42,9,-3,5,0,0,-3,-25
東証PRM,7280,(株)ミツバ,電気機器,1139,2.19,3,-6,-24,3,8,-2,-10,3,-25
東証PRM,1814,大末建設(株),建設業,3525,5.19,15,-42,-3,-23,17,7,0,3,-26
東証PRM,9107,川崎汽船(株),海運業,2501,4.8,3,6,-18,-12,1,-4,1,-3,-26
東証STD,4361,川口化学工業(株),化学,1466,4.09,3,-38,-3,4,8,7,-10,3,-26
東証PRM,6962,(株)大真空,電気機器,725,3.86,-9,-6,-19,-3,5,7,8,-9,-26
東証STD,7284,盟和産業(株),輸送用機器,1323,3.78,21,-42,-13,-3,7,-3,10,-3,-26
東証PRM,8551,(株)北日本銀行,銀行業,4875,3.45,-3,0,3,-43,11,19,-10,-3,-26
東証STD,5940,不二サッシ(株),金属製品,837,3.23,9,-42,-2,-8,13,11,-10,3,-26
名証,6142,富士精工(株),,1600,3.13,-3,-42,-14,-3,9,6,18,3,-26
東証PRM,1885,東亜建設工業(株),建設業,2971,3.1,3,2,4,-34,13,3,-8,-9,-26
東証PRM,7752,(株)リコー,電気機器,1313,3.05,3,-46,-8,3,13,6,0,3,-26
東証PRM,4985,アース製薬(株),化学,4660,2.79,21,-42,-8,3,9,-10,4,-3,-26
東証PRM,5703,日本軽金属ホールディングス(株),非鉄金属,2868,2.79,9,-42,3,-9,9,13,-6,-3,-26
東証PRM,8129,東邦ホールディングス(株),卸売業,4366,2.75,9,-38,3,-13,17,-3,-10,9,-26
東証PRM,3608,(株)ＴＳＩホールディングス,繊維製品,1363,5.14,9,-50,4,-7,13,-11,18,-3,-27
東証PRM,8142,(株)トーホー,卸売業,1410,4.33,6,-44,6,6,10,4,-9,-6,-27
東証STD,4341,西菱電機(株),サービス業,796,3.77,3,-34,-2,-5,1,3,10,-3,-27
東証PRM,9274,ＫＰＰグループホールディングス(株),卸売業,958,3.76,3,-46,-3,4,15,13,-10,-3,-27
東証STD,4409,東邦化学工業(株),化学,747,2.95,3,-46,-2,-2,17,10,-10,3,-27
東証PRM,2784,アルフレッサ　ホールディングス(株),卸売業,2391,2.84,15,-38,-3,-14,15,-1,-10,9,-27
東証STD,2204,(株)中村屋,食料品,3185,2.35,-3,-38,-2,-1,9,-12,17,3,-27
東証PRM,8708,アイザワ証券グループ(株),証券業,1475,7.93,3,2,-2,-28,1,-19,12,3,-28
東証GRT,5527,(株)ｐｒｏｐｅｒｔｙ　ｔｅｃｈｎｏｌｏｇｉｅｓ,不動産業,690,3.62,3,-2,-3,-22,4,7,-6,-9,-28
東証PRM,8558,(株)東和銀行,銀行業,1088,3.22,9,0,3,-24,-9,0,-10,3,-28
東証PRM,5036,日本ビジネスシステムズ(株),情報・通信,1417,3.18,18,-42,6,-13,14,-2,-3,-6,-28
東証PRM,5232,住友大阪セメント(株),ガラス・土石製品,3905,3.07,3,-42,-8,-8,13,4,13,-3,-28
東証STD,9362,兵機海運(株),倉庫・運輸関連業,3850,2.86,-3,-34,9,3,5,11,-10,-9,-28
東証STD,7212,(株)エフテック,輸送用機器,744,2.69,15,-38,-8,-3,7,0,-10,9,-28
東証PRM,3154,メディアスホールディングス(株),卸売業,818,2.44,21,-46,-14,-7,-1,20,-10,9,-28
東証PRM,8387,(株)四国銀行,銀行業,2614,2.3,-3,0,-9,-27,5,13,-10,3,-28
東証STD,8904,(株)ＡＶＡＮＴＩＡ,不動産業,830,4.58,9,-42,-3,-17,7,-1,9,9,-29
東証STD,2687,(株)シー・ヴイ・エス・ベイエリア,サービス業,502,3.98,-3,6,-17,-28,13,3,-6,3,-29
東証PRM,7599,(株)ＩＤＯＭ,卸売業,1354,3.13,15,-38,3,-18,-3,13,-10,9,-29
東証STD,7462,(株)ＣＡＰＩＴＡ,小売業,609,2.63,3,-38,-9,-6,9,1,8,3,-29
東証STD,7214,ＧＭＢ(株),輸送用機器,950,4.21,3,-38,-7,-8,13,8,-10,9,-30
東証STD,5871,ＳＯＬＩＺＥ　Ｈｏｌｄｉｎｇｓ(株),サービス業,1418,3.88,9,-42,-2,-11,9,-6,16,-3,-30
東証GRT,7084,(株)Ｓｍｉｌｅ　Ｈｏｌｄｉｎｇｓ,サービス業,2929,3.24,12,-36,-6,-12,0,-3,3,12,-30
東証PRM,2288,丸大食品(株),食料品,2263,3.09,21,-38,-18,-9,3,10,10,-9,-30
東証PRM,6770,アルプスアルパイン(株),電気機器,2328,2.66,3,-46,-19,-3,9,7,10,9,-30
東証PRM,9505,北陸電力(株),電気・ガス業,1005,2.49,9,-2,-11,-14,0,1,-10,-3,-30
東証PRM,8345,(株)岩手銀行,銀行業,1991,2.41,3,0,-3,-33,7,15,-10,-9,-30
東証STD,4102,丸尾カルシウム(株),化学,1443,2.08,3,-46,-3,-3,5,7,10,-3,-30
東証PRM,8614,東洋証券(株),証券業,680,7.35,-9,-2,-12,-7,1,-3,10,-9,-31
東証STD,8869,明和地所(株),不動産業,920,4.89,9,-6,-3,-44,1,13,-10,9,-31
東証STD,2750,石光商事(株),卸売業,1220,3.69,9,-34,-3,-18,9,7,-10,9,-31
東証PRM,8281,ゼビオホールディングス(株),小売業,999,3.5,9,-38,-3,-7,5,-3,15,-9,-31
東証STD,8041,ＯＵＧホールディングス(株),卸売業,3970,2.75,9,-38,4,-12,11,8,-10,-3,-31
東証STD,8508,Ｊトラスト(株),その他金融業,636,2.67,3,-2,-22,-11,6,2,-10,3,-31
東証STD,5905,日本製罐(株),金属製品,1321,2.27,9,-38,-14,-2,5,16,-10,3,-31
東証STD,1827,(株)ナカノフドー建設,建設業,1362,2.2,3,-38,4,-29,19,5,2,3,-31
東証STD,2300,(株)きょくとう,サービス業,502,2.19,3,-34,-13,-12,11,1,16,-3,-31
東証STD,8076,(株)カノークス,卸売業,2011,5.17,9,-50,3,-23,13,15,-8,9,-32
東証STD,7291,日本プラスト(株),輸送用機器,416,4.81,-3,-38,-7,-9,13,3,0,9,-32
東証PRM,7537,丸文(株),卸売業,1172,4.27,-3,2,-8,-39,5,12,-10,9,-32
東証PRM,3116,トヨタ紡織(株),輸送用機器,2352.5,3.66,9,-46,-9,-3,13,1,-6,9,-32
東証PRM,4228,積水化成品工業(株),化学,456,3.29,21,-46,-7,-15,9,11,4,-9,-32
東証STD,8127,ヤマト　インターナショナル(株),繊維製品,551,2.54,-3,-46,-7,-1,5,-9,20,9,-32
名証,7946,(株)光陽社,その他製品,360,2,9,-38,-3,-3,-3,-5,8,3,-32
東証STD,3320,クロスプラス(株),卸売業,1353,4.43,0,-40,0,-10,13,4,6,-6,-33
東証STD,7953,菊水化学工業(株),その他製品,386,4.4,3,-42,3,4,11,-19,10,-3,-33
東証STD,6513,(株)オリジン,電気機器,1059,3.31,-3,-2,-18,-19,1,1,10,-3,-33
東証STD,9994,(株)やまや,小売業,2376,3.16,3,-42,-3,-14,19,1,6,-3,-33
東証STD,3600,(株)フジックス,繊維製品,1652,3.03,3,-38,-27,-2,7,-3,24,3,-33
東証PRM,3028,(株)アルペン,小売業,2006,2.49,9,-42,-7,-7,7,-1,11,-3,-33
東証STD,3010,ポラリス・ホールディングス(株),サービス業,176,2.27,9,2,-23,-22,0,0,-8,9,-33
東証STD,4119,(株)日本ピグメントホールディングス,化学,5690,2.11,-3,-42,-8,-8,9,6,10,3,-33
東証STD,7120,(株)ＳＨＩＮＫＯ,卸売業,876,4,15,-38,3,-10,3,-2,-8,3,-34
東証PRM,5901,東洋製罐グループホールディングス(株),金属製品,3207,3.55,3,-38,-7,-2,11,-3,11,-9,-34
東証STD,9914,(株)植松商会,卸売業,931,3.49,9,-38,-3,-28,17,-5,17,-3,-34
東証STD,9417,(株)スマートバリュー,情報・通信,308,3.25,3,-46,-13,-7,11,1,14,3,-34
東証PRM,6844,新電元工業(株),電気機器,3280,3.05,9,-6,-24,-19,1,2,6,-3,-34
東証STD,5162,(株)朝日ラバー,ゴム製品,773,2.59,9,-46,-14,-9,13,8,8,-3,-34
東証STD,7898,(株)ウッドワン,その他製品,992,2.42,-3,-42,-2,-3,7,-4,10,3,-34
東証STD,8365,(株)富山銀行,銀行業,2181,2.29,-3,0,9,-39,7,11,-10,-9,-34
東証PRM,6222,(株)島精機製作所,機械,934,2.14,-3,-38,-23,-6,3,9,27,-3,-34
東証PRM,8011,(株)三陽商会,繊維製品,3970,3.7,0,-40,-8,-19,5,3,18,6,-35
東証STD,3524,日東製網(株),繊維製品,1442,3.47,9,-42,-9,-8,11,5,-10,9,-35
東証STD,7399,(株)ナンシン,輸送用機器,578,3.46,-3,-38,-3,-13,5,-1,21,-3,-35
東証STD,9976,(株)セキチュー,小売業,1051,2.85,-12,-40,-5,-5,4,8,9,6,-35
東証PRM,9504,中国電力(株),電気・ガス業,954.6,2.83,-3,2,-13,-14,1,-7,-10,9,-35
東証PRM,3156,(株)レスター,卸売業,2871,4.35,9,-38,-1,-10,7,8,-8,-3,-36
東証STD,4750,(株)ダイサン,サービス業,566,3.89,15,-46,-8,-24,7,4,19,-3,-36
東証PRM,3401,帝人(株),繊維製品,1570,3.18,3,-50,-7,3,3,13,-4,3,-36
東証STD,9929,平和紙業(株),卸売業,455,2.64,-3,-42,-9,3,7,1,10,-3,-36
東証PRM,1803,清水建設(株),建設業,3188,2.26,3,-42,9,-13,7,-1,-8,9,-36
東証STD,7273,(株)イクヨ,輸送用機器,645,5.12,9,-46,-3,-9,8,3,-2,3,-37
東証STD,8835,太平洋興発(株),卸売業,915,4.37,3,-42,-3,4,9,-1,-10,3,-37
福証,8554,(株)南日本銀行,,1366,3.66,-15,0,-9,-13,1,0,-10,9,-37
東証PRM,6178,日本郵政(株),サービス業,1823,2.74,-15,0,-2,-28,7,-4,-10,15,-37
名証,5386,(株)鶴弥,ガラス・土石製品,385,2.73,-3,-38,-2,-14,1,2,20,-3,-37
東証STD,3825,(株)リミックスポイント,小売業,219,2.28,3,-2,-34,-27,0,4,10,9,-37
東証PRM,2579,コカ・コーラ　ボトラーズジャパンホールディングス(株),食料品,3389,2.12,9,-38,-17,3,5,-9,13,-3,-37
東証PRM,5852,(株)アーレスティ,非鉄金属,835,5.03,9,-38,-28,3,7,0,6,3,-38
東証STD,6858,(株)小野測器,電気機器,804,3.73,3,-38,-8,-12,-3,3,20,-3,-38
東証PRM,1815,鉄建建設(株),建設業,4980,3.41,15,-38,-3,-17,17,1,-10,-3,-38
東証PRM,1945,(株)東京エネシス,建設業,1885,3.34,-9,-42,3,-11,17,-1,20,-15,-38
東証PRM,7181,(株)かんぽ生命保険,保険業,1525.5,2.71,-15,0,9,-53,21,13,-10,-3,-38
東証STD,1848,(株)富士ピー・エス,建設業,575,2.43,9,-34,9,-33,13,11,-10,-3,-38
東証PRM,8550,(株)栃木銀行,銀行業,987,2.43,-9,0,-20,-23,3,12,-10,9,-38
東証PRM,8364,(株)清水銀行,銀行業,2565,2.34,3,0,-25,-17,3,5,-10,3,-38
札証,8594,中道リース(株),,679,2.21,15,-34,3,-25,6,10,-10,-3,-38
東証PRM,1433,ベステラ(株),建設業,1052,3.8,12,-40,-5,-30,6,4,8,6,-39
東証STD,4678,(株)秀英予備校,サービス業,322,3.11,3,-42,-12,-7,5,-1,0,15,-39
東証STD,1376,カネコ種苗(株),水産・農林業,1434,2.65,-3,-50,3,-20,11,15,8,-3,-39
東証PRM,8358,スルガ銀行(株),銀行業,2360,2.54,-3,0,4,-35,9,-7,-10,3,-39
東証STD,8123,川辺(株),卸売業,1364,3.67,-3,-38,-7,-12,-2,9,10,3,-40
東証STD,1382,(株)ホーブ,水産・農林業,1644,3.04,-9,-2,-18,-23,-1,1,15,-3,-40
東証STD,7279,(株)ハイレックスコーポレーション,輸送用機器,2738,2.92,-3,-46,-18,-9,7,6,20,3,-40
東証STD,9972,アルテック(株),卸売業,274,2.55,3,-34,-18,-8,1,-2,15,3,-40
東証STD,4766,(株)ピーエイ,サービス業,223,2.33,6,0,-23,-21,5,-6,-1,0,-40
東証PRM,2501,サッポロホールディングス(株),食料品,1757.5,2.28,-15,-42,-8,3,17,12,-10,3,-40
東証STD,7416,(株)はるやまホールディングス,小売業,703,2.2,3,-42,5,-24,6,-5,14,3,-40
東証PRM,7240,ＮＯＫ(株),輸送用機器,2788.5,4.66,3,-42,-14,3,9,-4,13,-9,-41
東証STD,2788,アップルインターナショナル(株),卸売業,336,2.98,3,-46,-3,-27,2,7,14,9,-41
東証STD,7610,(株)テイツー,小売業,140,2.86,-3,-38,-18,-1,7,3,0,9,-41
東証STD,7442,中山福(株),卸売業,442,2.26,-9,-50,-9,-8,5,-5,20,15,-41
東証STD,4705,(株)クリップコーポレーション,サービス業,801,5.62,-3,-6,-14,-7,3,-24,30,-21,-42
東証PRM,7198,ＳＢＩアルヒ(株),その他金融業,869,4.6,3,0,3,-36,-4,-1,-10,3,-42
東証STD,8349,(株)東北銀行,銀行業,1482,3.37,-3,0,-3,-33,-3,7,-10,3,-42
東証STD,7624,(株)ＮａＩＴＯ,卸売業,132,3.03,-6,-44,-6,-5,8,11,18,-18,-42
東証PRM,5269,日本コンクリート工業(株),ガラス・土石製品,317,2.52,9,-42,-12,-13,3,0,10,3,-42
東証STD,7646,(株)ＰＬＡＮＴ,小売業,1779,5.34,9,-42,-2,-2,7,-2,-2,-9,-43
東証PRM,8070,東京産業(株),卸売業,889,4.27,3,-42,-7,-16,17,11,-6,-3,-43
東証STD,3173,(株)Ｃｏｍｉｎｉｘ,卸売業,913,3.83,3,-42,-9,-18,5,11,-8,15,-43
東証PRM,2533,オエノンホールディングス(株),食料品,426,2.82,-3,-38,4,-8,13,10,-6,-15,-43
東証STD,7916,光村印刷(株),その他製品,1962,2.55,-3,-46,-8,-2,7,-13,19,3,-43
東証STD,9885,(株)シャルレ,卸売業,346,2.31,-21,-10,-19,-12,-3,-11,30,3,-43
東証PRM,1882,東亜道路工業(株),建設業,1612,5.58,9,-46,-8,-19,13,5,11,-9,-44
東証PRM,3501,ＳＵＭＩＮＯＥ(株),繊維製品,1278,3.13,9,-38,-3,3,3,-11,-10,3,-44
東証GRT,205A,(株)ロゴスホールディングス,建設業,2080,3.05,9,-42,-8,-2,3,0,-4,0,-44
東証PRM,9508,九州電力(株),電気・ガス業,1750,2.86,-3,-2,-13,-3,-11,1,-10,-3,-44
東証STD,7122,近畿車輛(株),輸送用機器,2256,2.22,3,-6,-14,-28,5,1,-2,-3,-44
東証STD,2693,ＹＫＴ(株),卸売業,244,2.05,-3,-46,-8,-17,1,12,14,3,-44
東証STD,7686,(株)ひとまいる,小売業,414,4.83,3,-38,-2,-13,13,0,-9,0,-46
東証PRM,3109,シキボウ(株),繊維製品,1071,4.67,-3,-46,-2,-9,13,2,-4,3,-46
東証PRM,7769,リズム(株),精密機器,3445,4.4,-3,-42,-19,-3,11,-7,20,-3,-46
東証PRM,4631,ＤＩＣ(株),化学,3592,3.9,-3,-42,-8,-9,7,10,-10,9,-46
東証PRM,6706,電気興業(株),電気機器,3345,2.99,3,-42,-7,-18,5,-5,21,-3,-46
東証STD,3607,(株)クラウディアホールディングス,繊維製品,372,2.69,3,-42,-13,-2,11,2,-2,-3,-46
東証PRM,8609,(株)岡三証券グループ,証券業,933,5.36,-3,-2,-3,-33,7,0,-10,-3,-47
東証PRM,8075,神鋼商事(株),卸売業,2335,4.54,9,-46,-9,-12,5,19,-10,-3,-47
東証PRM,6615,ユー・エム・シー・エレクトロニクス(株),電気機器,297,3.37,15,-42,-24,4,3,4,-10,3,-47
東証PRM,2768,双日(株),卸売業,5971,2.76,3,-42,9,-14,17,11,-10,-21,-47
名証,6655,東洋電機(株),,774,2.58,9,-42,-14,-24,5,12,10,-3,-47
東証STD,423A,(株)ライオン事務器,卸売業,305,4.92,3,-34,3,-22,7,0,-2,-3,-48
東証STD,7427,エコートレーディング(株),卸売業,876,3.42,15,-38,-7,-27,7,3,-10,9,-48
東証PRM,8078,阪和興業(株),卸売業,1643,3.04,9,-42,-8,-19,9,10,-10,3,-48
東証STD,1793,(株)大本組,建設業,1677,2.98,-9,-38,9,-33,17,-5,20,-9,-48
東証STD,7502,(株)プラザホールディングス,サービス業,1703,2.94,3,-34,-11,4,9,-12,-10,3,-48
東証STD,2489,(株)アドウェイズ,サービス業,276,2.38,-3,-6,-13,-24,-1,-13,15,-3,-48
東証STD,4616,川上塗料(株),化学,1900,2.37,-3,-46,-14,-3,13,6,-10,9,-48
東証STD,6408,小倉クラッチ(株),機械,4940,2.02,3,-42,-12,-2,5,5,-8,3,-48
東証PRM,8150,三信電気(株),卸売業,2683,5.59,-9,-38,4,-17,7,-6,13,-3,-49
東証STD,3945,スーパーバッグ(株),パルプ・紙,2225,4.94,-3,-38,-1,-13,7,6,-10,3,-49
東証PRM,8793,ＮＥＣキャピタルソリューション(株),その他金融業,4265,3.52,3,-38,3,-38,19,15,-10,-3,-49
東証STD,8563,(株)大東銀行,銀行業,987,3.24,-9,0,-9,-48,9,21,-10,-3,-49
東証STD,5928,アルメタックス(株),金属製品,275,2.91,-9,-46,-14,-9,5,0,21,3,-49
東証PRM,4005,住友化学(株),化学,508.6,2.65,3,-6,-14,-14,-3,4,-10,-9,-49
東証PRM,9603,(株)エイチ・アイ・エス,サービス業,1060,2.36,15,-46,-12,-12,7,0,-10,9,-49
東証PRM,7294,(株)ヨロズ,輸送用機器,855,3.63,-3,-46,-24,-3,9,10,6,1,-50
東証PRM,5142,アキレス(株),化学,1423,2.11,-3,-42,-13,-2,1,7,11,-9,-50
東証STD,1960,(株)サンテック,建設業,1537,4.23,9,-42,-7,-40,11,9,18,-9,-51
東証STD,3958,笹徳印刷(株),パルプ・紙,561,3.21,-9,-38,-8,-6,7,-3,9,-3,-51
東証STD,2796,ファーマライズホールディングス(株),小売業,520,2.69,9,-46,-18,-2,5,2,-10,9,-51
東証STD,2341,(株)アルバイトタイムス,サービス業,190,2.63,3,-42,-25,-14,5,1,30,-9,-51
東証STD,9365,トレーディア(株),倉庫・運輸関連業,1518,3.29,3,-42,3,-13,3,3,-6,-3,-52
東証STD,7277,(株)ＴＢＫ,輸送用機器,368,2.17,3,-42,-29,3,-1,1,10,3,-52
東証PRM,3151,(株)バイタルケーエスケー・ホールディングス,卸売業,1405,4.84,3,-38,3,-16,13,1,-10,-9,-53
東証STD,1764,工藤建設(株),建設業,3165,3.7,3,-38,3,-12,3,1,-10,-3,-53
名証,8145,中部水産(株),,3010,2.82,3,-38,-1,-23,-1,-13,29,-9,-53
東証PRM,8217,(株)オークワ,小売業,795,3.27,3,-42,-8,-3,7,-24,10,3,-54
東証STD,6629,テクノホライゾン(株),電気機器,1255,2.39,9,-34,-17,-20,11,4,-10,3,-54
東証PRM,4310,(株)ドリームインキュベータ,サービス業,2498,5.48,15,-42,-18,-12,0,-1,12,-9,-55
東証STD,5973,(株)トーアミ,金属製品,619,2.58,15,-42,-29,-18,9,2,17,-9,-55
東証STD,6635,(株)大日光・エンジニアリング,電気機器,625,2.56,9,-42,-14,-12,7,4,-10,3,-55
東証STD,297A,アルピコホールディングス(株),小売業,229,2.18,15,-38,-12,-3,-7,3,-10,-3,-55
東証STD,4406,新日本理化(株),化学,194,2.06,-3,-42,-7,-14,4,0,4,3,-55
東証PRM,6390,(株)加藤製作所,機械,1439,4.86,-15,-42,-12,-23,7,10,10,9,-56
東証STD,5942,日本フイルコン(株),金属製品,621,4.51,-3,-50,-18,-3,9,-4,10,3,-56
東証STD,7426,(株)山大,卸売業,472,6.36,-3,-14,-36,-12,-5,5,11,-3,-57
東証STD,6470,大豊工業(株),機械,1155,2.6,9,-50,-8,-9,-1,0,11,-9,-57
東証STD,3004,神栄(株),卸売業,2310,4.76,-3,-38,-12,-6,6,-4,-10,9,-58
東証STD,1420,サンヨーホームズ(株),建設業,626,3.99,-3,-38,-7,-23,9,-1,-10,15,-58
東証STD,3439,(株)三ツ知,金属製品,726,2.75,9,-46,-23,-15,1,7,12,-3,-58
東証STD,8040,(株)東京ソワール,繊維製品,1066,4.22,-3,-50,-23,-17,10,3,18,3,-59
東証PRM,6472,ＮＴＮ(株),機械,351.4,3.13,-3,-42,-18,-3,8,6,-10,3,-59
東証PRM,5943,(株)ノーリツ,金属製品,2389,3.93,-9,-46,-8,-2,13,-10,10,-9,-61
東証STD,3204,(株)トーア紡コーポレーション,繊維製品,524,2.86,-9,-46,3,-8,9,1,-8,-3,-61
東証STD,7247,(株)ミクニ,輸送用機器,354,3.95,9,-42,-13,-9,-1,7,-10,-3,-62
東証STD,7919,野崎印刷紙業(株),その他製品,202,3.71,-3,-42,-19,-3,5,5,-8,3,-62
東証PRM,5938,(株)ＬＩＸＩＬ,金属製品,1628,5.53,-3,-46,-12,-3,13,-5,-10,3,-63
東証STD,2708,(株)久世,卸売業,1978,2.28,9,-42,-13,-18,4,4,-10,3,-63
東証STD,2156,セーラー広告(株),サービス業,291,2.06,-9,-42,-12,-17,9,-3,8,3,-63
東証STD,8705,日産証券グループ(株),証券業,260,5.77,-9,2,-13,-26,3,-2,-10,-9,-64
東証STD,3571,(株)ソトー,繊維製品,703,5.69,3,-42,-18,-19,3,-14,26,-3,-64
東証STD,6233,ＫＬＡＳＳ(株),機械,400,2.5,3,-42,-3,-19,9,1,-10,-3,-64
東証STD,8025,(株)ツカモトコーポレーション,卸売業,1293,2.32,-21,-42,-1,-13,9,-5,6,3,-64
東証STD,3168,(株)ＭＥＲＦ,卸売業,1472,2.04,-3,-42,-18,-27,11,6,0,9,-64
東証STD,7872,エステールホールディングス(株),その他製品,594,4.55,-9,-34,-7,-20,5,-1,4,-3,-65
福証,2974,大英産業(株),,930,2.58,9,-44,-3,-24,11,4,-9,-9,-65
東証STD,9827,リリカラ(株),卸売業,648,5.56,3,-42,-8,-22,5,-7,-4,9,-66
東証STD,7997,(株)くろがね工作所,その他製品,962,4.16,3,-46,-29,-6,-3,8,-2,9,-66
東証STD,6897,(株)ツインバード,電気機器,400,3.25,-15,-6,-25,-18,3,-11,15,-9,-66
東証STD,5380,新東(株),ガラス・土石製品,1412,2.66,-9,-38,-12,-19,7,-2,10,-3,-66
東証STD,9993,(株)ヤマザワ,小売業,1151,2.35,-3,-50,-18,3,-1,-10,10,3,-66
東証STD,4234,(株)サンエー化研,化学,725,2.48,-3,-42,-19,-19,7,-5,10,3,-68
東証STD,3059,ヒラキ(株),小売業,787,2.54,-15,-42,-19,-8,5,7,0,3,-69
東証STD,6186,(株)一蔵,サービス業,377,3.71,15,-50,-20,-20,1,5,-10,9,-70
東証PRM,3591,(株)ワコールホールディングス,繊維製品,4727,2.12,-15,-42,-13,-9,7,-9,20,-9,-70
東証PRM,3548,(株)バロックジャパンリミテッド,小売業,732,5.19,-3,-46,-14,-3,8,-6,8,-15,-71
東証PRM,6310,井関農機(株),機械,1682,2.68,-3,-46,-19,-1,10,1,-10,-3,-71
東証STD,7822,永大産業(株),その他製品,229,4.37,3,-42,-23,-24,1,1,15,-3,-72
福証,9035,第一交通産業(株),,731,3.42,-3,-42,-2,-24,7,5,-10,-3,-72
東証STD,3071,(株)ストリーム,小売業,103,2.91,6,-44,-17,-16,2,0,-3,0,-72
東証STD,8416,(株)高知銀行,銀行業,1092,2.29,-9,0,-9,-16,-31,0,-10,3,-72
東証PRM,8185,(株)チヨダ,小売業,976,5.53,-9,-42,-12,-23,5,2,15,-9,-73
東証STD,4539,日本ケミファ(株),医薬品,1706,2.93,-9,-50,-14,-7,3,11,-10,3,-73
東証STD,7022,サノヤスホールディングス(株),機械,321,2.34,9,-42,-18,-22,9,10,-10,-9,-73
東証STD,1840,(株)土屋ホールディングス,建設業,226,4.42,-9,-46,-12,-17,9,-8,12,-3,-74
東証STD,7938,(株)リーガルコーポレーション,その他製品,2211,3.39,-9,-46,-14,-18,9,9,4,-9,-74
東証STD,9895,(株)コンセック,卸売業,1251,2.16,3,-46,-13,-19,-1,-9,20,-9,-74
東証STD,8254,(株)さいか屋,小売業,246,2.03,-18,-40,-12,1,0,3,-9,0,-75
東証STD,8089,ナイス(株),卸売業,1902,3.79,9,-50,-24,-6,2,0,-10,3,-76
東証STD,6699,ダイヤモンドエレクトリックホールディングス(株),電気機器,541,4.62,6,-40,-21,-9,4,1,-7,-12,-78
東証PRM,8713,フィデアホールディングス(株),銀行業,1976,3.8,-3,0,-15,-28,-26,-8,-10,9,-81
東証PRM,7860,エイベックス(株),情報・通信,1190,4.2,3,-42,-8,-23,7,-20,4,-3,-82
東証STD,4558,(株)中京医薬品,医薬品,200,2.5,-3,-42,-8,-13,7,-24,4,-3,-82
東証STD,7514,(株)ヒマラヤ,小売業,851,3.06,-3,-46,-19,-23,5,3,2,-3,-84
東証PRM,5632,三菱製鋼(株),鉄鋼,1824,4.39,-3,-50,-19,-23,10,11,-4,-9,-87
東証STD,6977,(株)日本抵抗器製作所,電気機器,995,3.02,-9,-42,-19,-12,3,5,-10,-3,-87
東証STD,3396,(株)フェリシモ,小売業,853,2.93,-21,-46,-19,-8,5,1,15,-15,-88
福証,8559,(株)豊和銀行,,472,2.12,-9,0,-3,-28,-31,-4,-10,-3,-88
東証STD,4760,(株)アルファ,サービス業,1633,4.29,-3,-42,-29,-29,1,9,0,3,-90
東証PRM,6798,ＳＭＫ(株),電気機器,3360,2.98,-9,-42,-46,-9,-5,8,10,3,-90
東証STD,4720,(株)城南進学研究社,サービス業,248,2.82,-9,-50,-22,-29,6,3,6,3,-92
東証STD,8202,ラオックスホールディングス(株),小売業,151,2.65,9,-46,-34,-27,3,0,12,-9,-92
東証STD,7422,東邦レマック(株),卸売業,428,2.66,-21,-46,-34,-24,7,2,20,3,-93
東証PRM,5932,三協立山(株),金属製品,665,3.76,3,-42,-34,-14,7,-2,-10,-9,-101
東証STD,3205,(株)ダイドーリミテッド,繊維製品,698,7.16,-3,-34,-34,-23,-4,-8,-4,3,-107
東証STD,7831,(株)ウイルコホールディングス,その他製品,85,2.35,-9,-50,-40,-13,2,-4,-8,9,-113
東証STD,7494,(株)コナカ,小売業,235,4.26,-15,-46,-38,-18,1,-4,4,-3,-119